Timestamp,URL,Price (JPY),Total Price
2025-03-15 17:50:00,https://www.beforward.jp/toyota/land-cruiser-prado/bw759006/id/10023141/,"$33,190","36,308"
2025-03-15 17:50:04,https://www.beforward.jp/toyota/corolla-fielder/bx110228/id/10331058/,"$10,760","13,024"
2025-03-15 17:50:07,https://www.beforward.jp/toyota/probox/bw892545/id/10157960/,"$12,060","14,139"
2025-03-15 18:13:03,https://www.beforward.jp/toyota/land-cruiser-prado/bw759006/id/10023141/,"$33,190","36,308"
2025-03-15 18:13:10,https://www.beforward.jp/toyota/corolla-fielder/bx110228/id/10331058/,"$10,760","13,024"
2025-03-15 18:13:14,https://www.beforward.jp/toyota/probox/bw892545/id/10157960/,"$12,060","14,139"
2025-03-15 18:35:12,https://www.beforward.jp/toyota/land-cruiser-prado/bw759006/id/10023141/,"$33,190","36,308"
2025-03-15 18:35:16,https://www.beforward.jp/toyota/corolla-fielder/bx110228/id/10331058/,"$10,760","13,024"
2025-03-15 18:35:20,https://www.beforward.jp/toyota/probox/bw892545/id/10157960/,"$12,060","14,139"
2025-03-15 18:45:54,https://www.beforward.jp/toyota/land-cruiser-prado/bw759006/id/10023141/,"$33,190","36,308"
2025-03-15 18:45:57,https://www.beforward.jp/toyota/corolla-fielder/bx110228/id/10331058/,"$10,760","13,024"
2025-03-15 18:46:01,https://www.beforward.jp/toyota/probox/bw892545/id/10157960/,"$12,060","14,139"
2025-03-15 19:07:26,https://www.beforward.jp/toyota/land-cruiser-prado/bw759006/id/10023141/,"$33,190","36,308"
2025-03-15 19:07:30,https://www.beforward.jp/toyota/corolla-fielder/bx110228/id/10331058/,"$10,760","13,024"
2025-03-15 19:07:34,https://www.beforward.jp/toyota/probox/bw892545/id/10157960/,"$12,060","14,139"
2025-03-15 19:25:06,https://www.beforward.jp/toyota/land-cruiser-prado/bw759006/id/10023141/,"$33,190","36,308"
2025-03-15 19:25:11,https://www.beforward.jp/toyota/corolla-fielder/bx110228/id/10331058/,"$10,760","13,024"
2025-03-15 19:25:14,https://www.beforward.jp/toyota/probox/bw892545/id/10157960/,"$12,060","14,139"
2025-03-15 19:42:18,https://www.beforward.jp/toyota/land-cruiser-prado/bw759006/id/10023141/,"$33,190","36,308"
2025-03-15 19:42:22,https://www.beforward.jp/toyota/corolla-fielder/bx110228/id/10331058/,"$10,760","13,024"
2025-03-15 19:42:25,https://www.beforward.jp/toyota/probox/bw892545/id/10157960/,"$12,060","14,139"
2025-03-15 20:10:37,https://www.beforward.jp/toyota/land-cruiser-prado/bw759006/id/10023141/,"$33,190","36,308"
2025-03-15 20:10:41,https://www.beforward.jp/toyota/corolla-fielder/bx110228/id/10331058/,"$10,760","13,024"
2025-03-15 20:10:45,https://www.beforward.jp/toyota/probox/bw892545/id/10157960/,"$12,060","14,139"
2025-03-15 20:28:40,https://www.beforward.jp/toyota/land-cruiser-prado/bw759006/id/10023141/,"$33,190","36,308"
2025-03-15 20:28:43,https://www.beforward.jp/toyota/corolla-fielder/bx110228/id/10331058/,"$10,760","13,024"
2025-03-15 20:28:46,https://www.beforward.jp/toyota/probox/bw892545/id/10157960/,"$12,060","14,139"
2025-03-15 20:42:24,https://www.beforward.jp/toyota/land-cruiser-prado/bw759006/id/10023141/,"$33,190","36,308"
2025-03-15 20:42:27,https://www.beforward.jp/toyota/corolla-fielder/bx110228/id/10331058/,"$10,760","13,024"
2025-03-15 20:42:31,https://www.beforward.jp/toyota/probox/bw892545/id/10157960/,"$12,060","14,139"
2025-03-15 21:09:39,https://www.beforward.jp/toyota/land-cruiser-prado/bw759006/id/10023141/,"$33,190","36,308"
2025-03-15 21:09:42,https://www.beforward.jp/toyota/corolla-fielder/bx110228/id/10331058/,"$10,760","13,024"
2025-03-15 21:09:46,https://www.beforward.jp/toyota/probox/bw892545/id/10157960/,"$12,060","14,139"
2025-03-15 21:28:24,https://www.beforward.jp/toyota/land-cruiser-prado/bw759006/id/10023141/,"$33,190","36,308"
2025-03-15 21:28:27,https://www.beforward.jp/toyota/corolla-fielder/bx110228/id/10331058/,"$10,760","13,024"
2025-03-15 21:28:30,https://www.beforward.jp/toyota/probox/bw892545/id/10157960/,"$12,060","14,139"
2025-03-15 21:42:14,https://www.beforward.jp/toyota/land-cruiser-prado/bw759006/id/10023141/,"$33,190","36,308"
2025-03-15 21:42:18,https://www.beforward.jp/toyota/corolla-fielder/bx110228/id/10331058/,"$10,760","13,024"
2025-03-15 21:42:22,https://www.beforward.jp/toyota/probox/bw892545/id/10157960/,"$12,060","14,139"
2025-03-15 22:08:57,https://www.beforward.jp/toyota/land-cruiser-prado/bw759006/id/10023141/,"$33,190","36,308"
2025-03-15 22:09:00,https://www.beforward.jp/toyota/corolla-fielder/bx110228/id/10331058/,"$10,760","13,024"
2025-03-15 22:09:03,https://www.beforward.jp/toyota/probox/bw892545/id/10157960/,"$12,060","14,139"
2025-03-15 22:32:12,https://www.beforward.jp/toyota/land-cruiser-prado/bw759006/id/10023141/,"$33,190","36,308"
2025-03-15 22:32:16,https://www.beforward.jp/toyota/corolla-fielder/bx110228/id/10331058/,"$10,760","13,024"
2025-03-15 22:32:19,https://www.beforward.jp/toyota/probox/bw892545/id/10157960/,"$12,060","14,139"
2025-03-15 22:42:30,https://www.beforward.jp/toyota/land-cruiser-prado/bw759006/id/10023141/,"$33,190","36,308"
2025-03-15 22:42:33,https://www.beforward.jp/toyota/corolla-fielder/bx110228/id/10331058/,"$10,760","13,024"
2025-03-15 22:42:37,https://www.beforward.jp/toyota/probox/bw892545/id/10157960/,"$12,060","14,139"
2025-03-15 23:09:32,https://www.beforward.jp/toyota/land-cruiser-prado/bw759006/id/10023141/,"$33,190","36,308"
2025-03-15 23:09:36,https://www.beforward.jp/toyota/corolla-fielder/bx110228/id/10331058/,"$10,760","13,024"
2025-03-15 23:09:39,https://www.beforward.jp/toyota/probox/bw892545/id/10157960/,"$12,060","14,139"
2025-03-15 23:26:45,https://www.beforward.jp/toyota/land-cruiser-prado/bw759006/id/10023141/,"$33,190","36,308"
2025-03-15 23:26:48,https://www.beforward.jp/toyota/corolla-fielder/bx110228/id/10331058/,"$10,760","13,024"
2025-03-15 23:26:52,https://www.beforward.jp/toyota/probox/bw892545/id/10157960/,"$12,060","14,139"
2025-03-15 23:41:59,https://www.beforward.jp/toyota/land-cruiser-prado/bw759006/id/10023141/,"$33,190","36,308"
2025-03-15 23:42:04,https://www.beforward.jp/toyota/corolla-fielder/bx110228/id/10331058/,"$10,760","13,024"
2025-03-15 23:42:08,https://www.beforward.jp/toyota/probox/bw892545/id/10157960/,"$12,060","14,139"
2025-03-16 00:56:06,https://www.beforward.jp/toyota/land-cruiser-prado/bw759006/id/10023141/,"$33,190","36,308"
2025-03-16 00:56:09,https://www.beforward.jp/toyota/corolla-fielder/bx110228/id/10331058/,"$10,760","13,024"
2025-03-16 00:56:13,https://www.beforward.jp/toyota/probox/bw892545/id/10157960/,"$12,060","14,139"
2025-03-16 02:23:49,https://www.beforward.jp/toyota/land-cruiser-prado/bw759006/id/10023141/,"$33,190","36,308"
2025-03-16 02:23:52,https://www.beforward.jp/toyota/corolla-fielder/bx110228/id/10331058/,"$10,760","13,024"
2025-03-16 02:23:56,https://www.beforward.jp/toyota/probox/bw892545/id/10157960/,"$12,060","14,139"
2025-03-16 03:19:31,https://www.beforward.jp/toyota/land-cruiser-prado/bw759006/id/10023141/,"$33,190","36,308"
2025-03-16 03:19:35,https://www.beforward.jp/toyota/corolla-fielder/bx110228/id/10331058/,"$10,760","13,024"
2025-03-16 03:19:38,https://www.beforward.jp/toyota/probox/bw892545/id/10157960/,"$12,060","14,139"
2025-03-16 03:43:23,https://www.beforward.jp/toyota/land-cruiser-prado/bw759006/id/10023141/,"$33,190","36,308"
2025-03-16 03:43:27,https://www.beforward.jp/toyota/corolla-fielder/bx110228/id/10331058/,"$10,760","13,024"
2025-03-16 03:43:30,https://www.beforward.jp/toyota/probox/bw892545/id/10157960/,"$12,060","14,139"
2025-03-16 04:12:32,https://www.beforward.jp/toyota/land-cruiser-prado/bw759006/id/10023141/,"$33,190","36,308"
2025-03-16 04:12:35,https://www.beforward.jp/toyota/corolla-fielder/bx110228/id/10331058/,"$10,760","13,024"
2025-03-16 04:12:38,https://www.beforward.jp/toyota/probox/bw892545/id/10157960/,"$12,060","14,139"
2025-03-16 04:33:48,https://www.beforward.jp/toyota/land-cruiser-prado/bw759006/id/10023141/,"$33,190","36,308"
2025-03-16 04:33:51,https://www.beforward.jp/toyota/corolla-fielder/bx110228/id/10331058/,"$10,760","13,024"
2025-03-16 04:33:54,https://www.beforward.jp/toyota/probox/bw892545/id/10157960/,"$12,060","14,139"
2025-03-16 04:46:03,https://www.beforward.jp/toyota/land-cruiser-prado/bw759006/id/10023141/,"$33,190","36,308"
2025-03-16 04:46:11,https://www.beforward.jp/toyota/corolla-fielder/bx110228/id/10331058/,"$10,760","13,024"
2025-03-16 04:46:19,https://www.beforward.jp/toyota/probox/bw892545/id/10157960/,"$12,060","14,139"
2025-03-16 05:09:54,https://www.beforward.jp/toyota/land-cruiser-prado/bw759006/id/10023141/,"$33,190","36,308"
2025-03-16 05:09:57,https://www.beforward.jp/toyota/corolla-fielder/bx110228/id/10331058/,"$10,760","13,024"
2025-03-16 05:10:00,https://www.beforward.jp/toyota/probox/bw892545/id/10157960/,"$12,060","14,139"
2025-03-16 05:30:12,https://www.beforward.jp/toyota/land-cruiser-prado/bw759006/id/10023141/,"$33,190","36,308"
2025-03-16 05:30:15,https://www.beforward.jp/toyota/corolla-fielder/bx110228/id/10331058/,"$10,760","13,024"
2025-03-16 05:30:19,https://www.beforward.jp/toyota/probox/bw892545/id/10157960/,"$12,060","14,139"
2025-03-16 05:41:57,https://www.beforward.jp/toyota/land-cruiser-prado/bw759006/id/10023141/,"$33,190","36,308"
2025-03-16 05:42:00,https://www.beforward.jp/toyota/corolla-fielder/bx110228/id/10331058/,"$10,760","13,024"
2025-03-16 05:42:04,https://www.beforward.jp/toyota/probox/bw892545/id/10157960/,"$12,060","14,139"
2025-03-16 06:13:40,https://www.beforward.jp/toyota/land-cruiser-prado/bw759006/id/10023141/,"$33,190","36,308"
2025-03-16 06:13:46,https://www.beforward.jp/toyota/corolla-fielder/bx110228/id/10331058/,"$10,760","13,024"
2025-03-16 06:13:49,https://www.beforward.jp/toyota/probox/bw892545/id/10157960/,"$12,060","14,139"
2025-03-16 06:36:11,https://www.beforward.jp/toyota/land-cruiser-prado/bw759006/id/10023141/,"$33,190","36,308"
2025-03-16 06:36:15,https://www.beforward.jp/toyota/corolla-fielder/bx110228/id/10331058/,"$10,760","13,024"
2025-03-16 06:36:18,https://www.beforward.jp/toyota/probox/bw892545/id/10157960/,"$12,060","14,139"
2025-03-16 06:46:17,https://www.beforward.jp/toyota/land-cruiser-prado/bw759006/id/10023141/,"$33,190","36,308"
2025-03-16 06:46:21,https://www.beforward.jp/toyota/corolla-fielder/bx110228/id/10331058/,"$10,760","13,024"
2025-03-16 06:46:26,https://www.beforward.jp/toyota/probox/bw892545/id/10157960/,"$12,060","14,139"
2025-03-16 07:09:53,https://www.beforward.jp/toyota/land-cruiser-prado/bw759006/id/10023141/,"$33,190","36,308"
2025-03-16 07:09:57,https://www.beforward.jp/toyota/corolla-fielder/bx110228/id/10331058/,"$10,760","13,024"
2025-03-16 07:10:01,https://www.beforward.jp/toyota/probox/bw892545/id/10157960/,"$12,060","14,139"
2025-03-16 07:26:11,https://www.beforward.jp/toyota/land-cruiser-prado/bw759006/id/10023141/,"$33,190","36,308"
2025-03-16 07:26:13,https://www.beforward.jp/toyota/corolla-fielder/bx110228/id/10331058/,"$10,760","13,024"
2025-03-16 07:26:17,https://www.beforward.jp/toyota/probox/bw892545/id/10157960/,"$12,060","14,139"
2025-03-16 07:42:12,https://www.beforward.jp/toyota/land-cruiser-prado/bw759006/id/10023141/,"$33,190","36,308"
2025-03-16 07:42:15,https://www.beforward.jp/toyota/corolla-fielder/bx110228/id/10331058/,"$10,760","13,024"
2025-03-16 07:42:19,https://www.beforward.jp/toyota/probox/bw892545/id/10157960/,"$12,060","14,139"
2025-03-16 08:13:01,https://www.beforward.jp/toyota/land-cruiser-prado/bw759006/id/10023141/,"$33,190","36,308"
2025-03-16 08:13:05,https://www.beforward.jp/toyota/corolla-fielder/bx110228/id/10331058/,"$10,760","13,024"
2025-03-16 08:13:08,https://www.beforward.jp/toyota/probox/bw892545/id/10157960/,"$12,060","14,139"
2025-03-16 08:32:41,https://www.beforward.jp/toyota/land-cruiser-prado/bw759006/id/10023141/,"$33,190","36,308"
2025-03-16 08:32:44,https://www.beforward.jp/toyota/corolla-fielder/bx110228/id/10331058/,"$10,760","13,024"
2025-03-16 08:32:48,https://www.beforward.jp/toyota/probox/bw892545/id/10157960/,"$12,060","14,139"
2025-03-16 08:45:11,https://www.beforward.jp/toyota/land-cruiser-prado/bw759006/id/10023141/,"$33,190","36,308"
2025-03-16 08:45:15,https://www.beforward.jp/toyota/corolla-fielder/bx110228/id/10331058/,"$10,760","13,024"
2025-03-16 08:45:18,https://www.beforward.jp/toyota/probox/bw892545/id/10157960/,"$12,060","14,139"
2025-03-16 09:09:51,https://www.beforward.jp/toyota/land-cruiser-prado/bw759006/id/10023141/,"$33,190","36,308"
2025-03-16 09:09:54,https://www.beforward.jp/toyota/corolla-fielder/bx110228/id/10331058/,"$10,760","13,024"
2025-03-16 09:09:58,https://www.beforward.jp/toyota/probox/bw892545/id/10157960/,"$12,060","14,139"
2025-03-16 09:28:11,https://www.beforward.jp/toyota/land-cruiser-prado/bw759006/id/10023141/,"$33,190","36,308"
2025-03-16 09:28:15,https://www.beforward.jp/toyota/corolla-fielder/bx110228/id/10331058/,"$10,760","13,024"
2025-03-16 09:28:18,https://www.beforward.jp/toyota/probox/bw892545/id/10157960/,"$12,060","14,139"
2025-03-16 09:42:14,https://www.beforward.jp/toyota/land-cruiser-prado/bw759006/id/10023141/,"$33,190","36,308"
2025-03-16 09:42:18,https://www.beforward.jp/toyota/corolla-fielder/bx110228/id/10331058/,"$10,760","13,024"
2025-03-16 09:42:21,https://www.beforward.jp/toyota/probox/bw892545/id/10157960/,"$12,060","14,139"
2025-03-16 10:10:22,https://www.beforward.jp/toyota/land-cruiser-prado/bw759006/id/10023141/,"$33,190","36,308"
2025-03-16 10:10:25,https://www.beforward.jp/toyota/corolla-fielder/bx110228/id/10331058/,"$10,760","13,024"
2025-03-16 10:10:29,https://www.beforward.jp/toyota/probox/bw892545/id/10157960/,"$12,060","14,139"
2025-03-16 10:32:40,https://www.beforward.jp/toyota/land-cruiser-prado/bw759006/id/10023141/,"$33,190","36,308"
2025-03-16 10:32:44,https://www.beforward.jp/toyota/corolla-fielder/bx110228/id/10331058/,"$10,760","13,024"
2025-03-16 10:32:47,https://www.beforward.jp/toyota/probox/bw892545/id/10157960/,"$12,060","14,139"
2025-03-16 10:42:31,https://www.beforward.jp/toyota/land-cruiser-prado/bw759006/id/10023141/,"$33,190","36,308"
2025-03-16 10:42:33,https://www.beforward.jp/toyota/corolla-fielder/bx110228/id/10331058/,"$10,760","13,024"
2025-03-16 10:42:36,https://www.beforward.jp/toyota/probox/bw892545/id/10157960/,"$12,060","14,139"
2025-03-16 11:09:38,https://www.beforward.jp/toyota/land-cruiser-prado/bw759006/id/10023141/,"$33,190","36,308"
2025-03-16 11:09:42,https://www.beforward.jp/toyota/corolla-fielder/bx110228/id/10331058/,"$10,760","13,024"
2025-03-16 11:09:45,https://www.beforward.jp/toyota/probox/bw892545/id/10157960/,"$12,060","14,139"
2025-03-16 11:26:14,https://www.beforward.jp/toyota/land-cruiser-prado/bw759006/id/10023141/,"$33,190","36,308"
2025-03-16 11:26:17,https://www.beforward.jp/toyota/corolla-fielder/bx110228/id/10331058/,"$10,760","13,024"
2025-03-16 11:26:20,https://www.beforward.jp/toyota/probox/bw892545/id/10157960/,"$12,060","14,139"
2025-03-16 11:42:20,https://www.beforward.jp/toyota/land-cruiser-prado/bw759006/id/10023141/,"$33,190","36,308"
2025-03-16 11:42:24,https://www.beforward.jp/toyota/corolla-fielder/bx110228/id/10331058/,"$10,760","13,024"
2025-03-16 11:42:27,https://www.beforward.jp/toyota/probox/bw892545/id/10157960/,"$12,060","14,139"
2025-03-16 12:17:51,https://www.beforward.jp/toyota/land-cruiser-prado/bw759006/id/10023141/,"$33,190","36,308"
2025-03-16 12:17:54,https://www.beforward.jp/toyota/corolla-fielder/bx110228/id/10331058/,"$10,760","13,024"
2025-03-16 12:17:57,https://www.beforward.jp/toyota/probox/bw892545/id/10157960/,"$12,060","14,139"
2025-03-16 12:51:15,https://www.beforward.jp/toyota/land-cruiser-prado/bw759006/id/10023141/,"$33,190","36,308"
2025-03-16 12:51:18,https://www.beforward.jp/toyota/corolla-fielder/bx110228/id/10331058/,"$10,760","13,024"
2025-03-16 12:51:22,https://www.beforward.jp/toyota/probox/bw892545/id/10157960/,"$12,060","14,139"
2025-03-16 13:16:11,https://www.beforward.jp/toyota/land-cruiser-prado/bw759006/id/10023141/,"$33,190","36,308"
2025-03-16 13:16:14,https://www.beforward.jp/toyota/corolla-fielder/bx110228/id/10331058/,"$10,760","13,024"
2025-03-16 13:16:18,https://www.beforward.jp/toyota/probox/bw892545/id/10157960/,"$12,060","14,139"
2025-03-16 13:32:29,https://www.beforward.jp/toyota/land-cruiser-prado/bw759006/id/10023141/,"$33,190","36,308"
2025-03-16 13:32:32,https://www.beforward.jp/toyota/corolla-fielder/bx110228/id/10331058/,"$10,760","13,024"
2025-03-16 13:32:36,https://www.beforward.jp/toyota/probox/bw892545/id/10157960/,"$12,060","14,139"
2025-03-16 13:42:21,https://www.beforward.jp/toyota/land-cruiser-prado/bw759006/id/10023141/,"$33,190","36,308"
2025-03-16 13:42:24,https://www.beforward.jp/toyota/corolla-fielder/bx110228/id/10331058/,"$10,760","13,024"
2025-03-16 13:42:28,https://www.beforward.jp/toyota/probox/bw892545/id/10157960/,"$12,060","14,139"
2025-03-16 14:08:40,https://www.beforward.jp/toyota/land-cruiser-prado/bw759006/id/10023141/,"$33,190","36,308"
2025-03-16 14:08:43,https://www.beforward.jp/toyota/corolla-fielder/bx110228/id/10331058/,"$10,760","13,024"
2025-03-16 14:08:46,https://www.beforward.jp/toyota/probox/bw892545/id/10157960/,"$12,060","14,139"
2025-03-16 14:29:13,https://www.beforward.jp/toyota/land-cruiser-prado/bw759006/id/10023141/,"$33,190","36,308"
2025-03-16 14:29:16,https://www.beforward.jp/toyota/corolla-fielder/bx110228/id/10331058/,"$10,760","13,024"
2025-03-16 14:29:19,https://www.beforward.jp/toyota/probox/bw892545/id/10157960/,"$12,060","14,139"
2025-03-16 14:42:13,https://www.beforward.jp/toyota/land-cruiser-prado/bw759006/id/10023141/,"$33,190","36,308"
2025-03-16 14:42:17,https://www.beforward.jp/toyota/corolla-fielder/bx110228/id/10331058/,"$10,760","13,024"
2025-03-16 14:42:20,https://www.beforward.jp/toyota/probox/bw892545/id/10157960/,"$12,060","14,139"
2025-03-16 15:09:39,https://www.beforward.jp/toyota/land-cruiser-prado/bw759006/id/10023141/,"$33,190","36,308"
2025-03-16 15:09:42,https://www.beforward.jp/toyota/corolla-fielder/bx110228/id/10331058/,"$10,760","13,024"
2025-03-16 15:09:46,https://www.beforward.jp/toyota/probox/bw892545/id/10157960/,"$12,060","14,139"
2025-03-16 15:28:15,https://www.beforward.jp/toyota/land-cruiser-prado/bw759006/id/10023141/,"$33,190","36,308"
2025-03-16 15:28:18,https://www.beforward.jp/toyota/corolla-fielder/bx110228/id/10331058/,"$10,760","13,024"
2025-03-16 15:28:22,https://www.beforward.jp/toyota/probox/bw892545/id/10157960/,"$12,060","14,139"
2025-03-16 15:41:56,https://www.beforward.jp/toyota/land-cruiser-prado/bw759006/id/10023141/,"$33,190","36,308"
2025-03-16 15:42:00,https://www.beforward.jp/toyota/corolla-fielder/bx110228/id/10331058/,"$10,760","13,024"
2025-03-16 15:42:04,https://www.beforward.jp/toyota/probox/bw892545/id/10157960/,"$12,060","14,139"
2025-03-16 16:11:26,https://www.beforward.jp/toyota/land-cruiser-prado/bw759006/id/10023141/,"$33,190","36,308"
2025-03-16 16:11:29,https://www.beforward.jp/toyota/corolla-fielder/bx110228/id/10331058/,"$10,760","13,024"
2025-03-16 16:11:33,https://www.beforward.jp/toyota/probox/bw892545/id/10157960/,"$12,060","14,139"
2025-03-16 16:35:00,https://www.beforward.jp/toyota/land-cruiser-prado/bw759006/id/10023141/,"$33,190","36,308"
2025-03-16 16:35:03,https://www.beforward.jp/toyota/corolla-fielder/bx110228/id/10331058/,"$10,760","13,024"
2025-03-16 16:35:07,https://www.beforward.jp/toyota/probox/bw892545/id/10157960/,"$12,060","14,139"
2025-03-16 16:46:36,https://www.beforward.jp/toyota/land-cruiser-prado/bw759006/id/10023141/,"$33,190","36,308"
2025-03-16 16:46:40,https://www.beforward.jp/toyota/corolla-fielder/bx110228/id/10331058/,"$10,760","13,024"
2025-03-16 16:46:43,https://www.beforward.jp/toyota/probox/bw892545/id/10157960/,"$12,060","14,139"
2025-03-16 17:08:25,https://www.beforward.jp/toyota/land-cruiser-prado/bw759006/id/10023141/,"$33,190","36,308"
2025-03-16 17:08:28,https://www.beforward.jp/toyota/corolla-fielder/bx110228/id/10331058/,"$10,760","13,024"
2025-03-16 17:08:32,https://www.beforward.jp/toyota/probox/bw892545/id/10157960/,"$12,060","14,139"
2025-03-16 17:29:26,https://www.beforward.jp/toyota/land-cruiser-prado/bw759006/id/10023141/,"$33,190","36,308"
2025-03-16 17:29:30,https://www.beforward.jp/toyota/corolla-fielder/bx110228/id/10331058/,"$10,760","13,024"
2025-03-16 17:29:33,https://www.beforward.jp/toyota/probox/bw892545/id/10157960/,"$12,060","14,139"
2025-03-16 17:42:27,https://www.beforward.jp/toyota/land-cruiser-prado/bw759006/id/10023141/,"$33,190","36,308"
2025-03-16 17:42:30,https://www.beforward.jp/toyota/corolla-fielder/bx110228/id/10331058/,"$10,760","13,024"
2025-03-16 17:42:34,https://www.beforward.jp/toyota/probox/bw892545/id/10157960/,"$12,060","14,139"
2025-03-16 18:13:55,https://www.beforward.jp/toyota/land-cruiser-prado/bw759006/id/10023141/,"$33,190","36,308"
2025-03-16 18:13:58,https://www.beforward.jp/toyota/corolla-fielder/bx110228/id/10331058/,"$10,760","13,024"
2025-03-16 18:14:01,https://www.beforward.jp/toyota/probox/bw892545/id/10157960/,"$12,060","14,139"
2025-03-16 18:37:01,https://www.beforward.jp/toyota/land-cruiser-prado/bw759006/id/10023141/,"$33,190","36,308"
2025-03-16 18:37:05,https://www.beforward.jp/toyota/corolla-fielder/bx110228/id/10331058/,"$10,760","13,024"
2025-03-16 18:37:08,https://www.beforward.jp/toyota/probox/bw892545/id/10157960/,"$12,060","14,139"
2025-03-16 18:47:01,https://www.beforward.jp/toyota/land-cruiser-prado/bw759006/id/10023141/,"$33,190","36,308"
2025-03-16 18:47:04,https://www.beforward.jp/toyota/corolla-fielder/bx110228/id/10331058/,"$10,760","13,024"
2025-03-16 18:47:08,https://www.beforward.jp/toyota/probox/bw892545/id/10157960/,"$12,060","14,139"
2025-03-16 19:07:40,https://www.beforward.jp/toyota/land-cruiser-prado/bw759006/id/10023141/,"$33,190","36,308"
2025-03-16 19:07:44,https://www.beforward.jp/toyota/corolla-fielder/bx110228/id/10331058/,"$10,760","13,024"
2025-03-16 19:07:48,https://www.beforward.jp/toyota/probox/bw892545/id/10157960/,"$12,060","14,139"
2025-03-16 19:23:13,https://www.beforward.jp/toyota/land-cruiser-prado/bw759006/id/10023141/,"$33,190","36,308"
2025-03-16 19:23:17,https://www.beforward.jp/toyota/corolla-fielder/bx110228/id/10331058/,"$10,760","13,024"
2025-03-16 19:23:20,https://www.beforward.jp/toyota/probox/bw892545/id/10157960/,"$12,060","14,139"
2025-03-16 19:42:14,https://www.beforward.jp/toyota/land-cruiser-prado/bw759006/id/10023141/,"$33,190","36,308"
2025-03-16 19:42:19,https://www.beforward.jp/toyota/corolla-fielder/bx110228/id/10331058/,"$10,760","13,024"
2025-03-16 19:42:24,https://www.beforward.jp/toyota/probox/bw892545/id/10157960/,"$12,060","14,139"
2025-03-16 20:10:41,https://www.beforward.jp/toyota/land-cruiser-prado/bw759006/id/10023141/,"$33,190","36,308"
2025-03-16 20:10:45,https://www.beforward.jp/toyota/corolla-fielder/bx110228/id/10331058/,"$10,760","13,024"
2025-03-16 20:10:49,https://www.beforward.jp/toyota/probox/bw892545/id/10157960/,"$12,060","14,139"
2025-03-16 20:29:43,https://www.beforward.jp/toyota/land-cruiser-prado/bw759006/id/10023141/,"$33,190","36,308"
2025-03-16 20:29:47,https://www.beforward.jp/toyota/corolla-fielder/bx110228/id/10331058/,"$10,760","13,024"
2025-03-16 20:29:51,https://www.beforward.jp/toyota/probox/bw892545/id/10157960/,"$12,060","14,139"
2025-03-16 20:42:45,https://www.beforward.jp/toyota/land-cruiser-prado/bw759006/id/10023141/,"$33,190","36,308"
2025-03-16 20:42:49,https://www.beforward.jp/toyota/corolla-fielder/bx110228/id/10331058/,"$10,760","13,024"
2025-03-16 20:42:52,https://www.beforward.jp/toyota/probox/bw892545/id/10157960/,"$12,060","14,139"
2025-03-16 21:08:52,https://www.beforward.jp/toyota/land-cruiser-prado/bw759006/id/10023141/,"$33,190","36,308"
2025-03-16 21:08:56,https://www.beforward.jp/toyota/corolla-fielder/bx110228/id/10331058/,"$10,760","13,024"
2025-03-16 21:09:00,https://www.beforward.jp/toyota/probox/bw892545/id/10157960/,"$12,060","14,139"
2025-03-16 21:26:28,https://www.beforward.jp/toyota/land-cruiser-prado/bw759006/id/10023141/,"$33,190","36,308"
2025-03-16 21:26:32,https://www.beforward.jp/toyota/corolla-fielder/bx110228/id/10331058/,"$10,760","13,024"
2025-03-16 21:26:35,https://www.beforward.jp/toyota/probox/bw892545/id/10157960/,"$12,060","14,139"
2025-03-16 21:42:15,https://www.beforward.jp/toyota/land-cruiser-prado/bw759006/id/10023141/,"$33,190","36,308"
2025-03-16 21:42:18,https://www.beforward.jp/toyota/corolla-fielder/bx110228/id/10331058/,"$10,760","13,024"
2025-03-16 21:42:22,https://www.beforward.jp/toyota/probox/bw892545/id/10157960/,"$12,060","14,139"
2025-03-16 22:30:44,https://www.beforward.jp/toyota/land-cruiser-prado/bw759006/id/10023141/,"$33,190","36,308"
2025-03-16 22:30:47,https://www.beforward.jp/toyota/corolla-fielder/bx110228/id/10331058/,"$10,760","13,024"
2025-03-16 22:30:51,https://www.beforward.jp/toyota/probox/bw892545/id/10157960/,"$12,060","14,139"
2025-03-16 22:41:57,https://www.beforward.jp/toyota/land-cruiser-prado/bw759006/id/10023141/,"$33,190","36,308"
2025-03-16 22:42:00,https://www.beforward.jp/toyota/corolla-fielder/bx110228/id/10331058/,"$10,760","13,024"
2025-03-16 22:42:04,https://www.beforward.jp/toyota/probox/bw892545/id/10157960/,"$12,060","14,139"
2025-03-16 23:09:41,https://www.beforward.jp/toyota/land-cruiser-prado/bw759006/id/10023141/,"$33,190","36,308"
2025-03-16 23:09:44,https://www.beforward.jp/toyota/corolla-fielder/bx110228/id/10331058/,"$10,760","13,024"
2025-03-16 23:09:48,https://www.beforward.jp/toyota/probox/bw892545/id/10157960/,"$12,060","14,139"
2025-03-16 23:29:21,https://www.beforward.jp/toyota/land-cruiser-prado/bw759006/id/10023141/,"$33,190","36,308"
2025-03-16 23:29:25,https://www.beforward.jp/toyota/corolla-fielder/bx110228/id/10331058/,"$10,760","13,024"
2025-03-16 23:29:28,https://www.beforward.jp/toyota/probox/bw892545/id/10157960/,"$12,060","14,139"
2025-03-16 23:43:10,https://www.beforward.jp/toyota/land-cruiser-prado/bw759006/id/10023141/,"$33,190","36,308"
2025-03-16 23:43:14,https://www.beforward.jp/toyota/corolla-fielder/bx110228/id/10331058/,"$10,760","13,024"
2025-03-16 23:43:17,https://www.beforward.jp/toyota/probox/bw892545/id/10157960/,"$12,060","14,139"
2025-03-17 00:54:05,https://www.beforward.jp/toyota/land-cruiser-prado/bw759006/id/10023141/,"$33,190","36,308"
2025-03-17 00:54:08,https://www.beforward.jp/toyota/corolla-fielder/bx110228/id/10331058/,"$10,760","13,024"
2025-03-17 00:54:11,https://www.beforward.jp/toyota/probox/bw892545/id/10157960/,"$12,060","14,139"
2025-03-17 02:21:09,https://www.beforward.jp/toyota/land-cruiser-prado/bw759006/id/10023141/,"$33,190","36,308"
2025-03-17 02:21:15,https://www.beforward.jp/toyota/corolla-fielder/bx110228/id/10331058/,"$10,760","13,024"
2025-03-17 02:21:18,https://www.beforward.jp/toyota/probox/bw892545/id/10157960/,"$12,060","14,139"
2025-03-17 03:18:45,https://www.beforward.jp/toyota/land-cruiser-prado/bw759006/id/10023141/,"$33,190","36,308"
2025-03-17 03:18:49,https://www.beforward.jp/toyota/corolla-fielder/bx110228/id/10331058/,"$10,760","13,024"
2025-03-17 03:18:52,https://www.beforward.jp/toyota/probox/bw892545/id/10157960/,"$12,060","14,139"
2025-03-17 03:44:41,https://www.beforward.jp/toyota/land-cruiser-prado/bw759006/id/10023141/,"$33,190","36,308"
2025-03-17 03:44:44,https://www.beforward.jp/toyota/corolla-fielder/bx110228/id/10331058/,"$10,760","13,024"
2025-03-17 03:44:48,https://www.beforward.jp/toyota/probox/bw892545/id/10157960/,"$12,060","14,139"
2025-03-17 04:13:28,https://www.beforward.jp/toyota/land-cruiser-prado/bw759006/id/10023141/,"$33,190","36,308"
2025-03-17 04:13:31,https://www.beforward.jp/toyota/corolla-fielder/bx110228/id/10331058/,"$10,760","13,024"
2025-03-17 04:13:35,https://www.beforward.jp/toyota/probox/bw892545/id/10157960/,"$12,060","14,139"
2025-03-17 04:34:30,https://www.beforward.jp/toyota/land-cruiser-prado/bw759006/id/10023141/,"$33,190","36,308"
2025-03-17 04:34:33,https://www.beforward.jp/toyota/corolla-fielder/bx110228/id/10331058/,"$10,760","13,024"
2025-03-17 04:34:37,https://www.beforward.jp/toyota/probox/bw892545/id/10157960/,"$12,060","14,139"
2025-03-17 04:47:06,https://www.beforward.jp/toyota/land-cruiser-prado/bw759006/id/10023141/,"$33,190","36,308"
2025-03-17 04:47:09,https://www.beforward.jp/toyota/corolla-fielder/bx110228/id/10331058/,"$10,760","13,024"
2025-03-17 04:47:13,https://www.beforward.jp/toyota/probox/bw892545/id/10157960/,"$12,060","14,139"
2025-03-17 05:11:49,https://www.beforward.jp/toyota/land-cruiser-prado/bw759006/id/10023141/,"$33,190","36,308"
2025-03-17 05:11:53,https://www.beforward.jp/toyota/corolla-fielder/bx110228/id/10331058/,"$10,760","13,024"
2025-03-17 05:11:57,https://www.beforward.jp/toyota/probox/bw892545/id/10157960/,"$12,060","14,139"
2025-03-17 05:32:19,https://www.beforward.jp/toyota/land-cruiser-prado/bw759006/id/10023141/,"$33,190","36,308"
2025-03-17 05:32:23,https://www.beforward.jp/toyota/corolla-fielder/bx110228/id/10331058/,"$10,760","13,024"
2025-03-17 05:32:26,https://www.beforward.jp/toyota/probox/bw892545/id/10157960/,"$12,060","14,139"
2025-03-17 05:43:31,https://www.beforward.jp/toyota/land-cruiser-prado/bw759006/id/10023141/,"$33,190","36,308"
2025-03-17 05:43:35,https://www.beforward.jp/toyota/corolla-fielder/bx110228/id/10331058/,"$10,760","13,024"
2025-03-17 05:43:39,https://www.beforward.jp/toyota/probox/bw892545/id/10157960/,"$12,060","14,139"
2025-03-17 06:15:58,https://www.beforward.jp/toyota/land-cruiser-prado/bw759006/id/10023141/,"$33,190","36,308"
2025-03-17 06:16:02,https://www.beforward.jp/toyota/corolla-fielder/bx110228/id/10331058/,"$10,760","13,024"
2025-03-17 06:16:08,https://www.beforward.jp/toyota/probox/bw892545/id/10157960/,"$12,060","14,139"
2025-03-17 07:11:53,https://www.beforward.jp/toyota/land-cruiser-prado/bw759006/id/10023141/,"$33,190","36,308"
2025-03-17 07:11:56,https://www.beforward.jp/toyota/corolla-fielder/bx110228/id/10331058/,"$10,760","13,024"
2025-03-17 07:12:02,https://www.beforward.jp/toyota/probox/bw892545/id/10157960/,"$12,060","14,139"
2025-03-17 07:28:55,https://www.beforward.jp/toyota/land-cruiser-prado/bw759006/id/10023141/,"$33,190","36,308"
2025-03-17 07:28:59,https://www.beforward.jp/toyota/corolla-fielder/bx110228/id/10331058/,"$10,760","13,024"
2025-03-17 07:29:02,https://www.beforward.jp/toyota/probox/bw892545/id/10157960/,"$12,060","14,139"
2025-03-17 07:42:58,https://www.beforward.jp/toyota/land-cruiser-prado/bw759006/id/10023141/,"$33,190","36,308"
2025-03-17 07:43:21,https://www.beforward.jp/toyota/corolla-fielder/bx110228/id/10331058/,"$10,760","13,024"
2025-03-17 07:43:34,https://www.beforward.jp/toyota/probox/bw892545/id/10157960/,"$12,060","14,139"
2025-03-17 08:15:43,https://www.beforward.jp/toyota/land-cruiser-prado/bw759006/id/10023141/,"$33,190","36,308"
2025-03-17 08:15:47,https://www.beforward.jp/toyota/corolla-fielder/bx110228/id/10331058/,"$10,760","13,024"
2025-03-17 08:15:51,https://www.beforward.jp/toyota/probox/bw892545/id/10157960/,"$12,060","14,139"
2025-03-17 08:38:18,https://www.beforward.jp/toyota/land-cruiser-prado/bw759006/id/10023141/,"$33,190","36,308"
2025-03-17 08:38:22,https://www.beforward.jp/toyota/corolla-fielder/bx110228/id/10331058/,"$10,760","13,024"
2025-03-17 08:38:26,https://www.beforward.jp/toyota/probox/bw892545/id/10157960/,"$12,060","14,139"
2025-03-17 08:49:44,https://www.beforward.jp/toyota/land-cruiser-prado/bw759006/id/10023141/,"$33,190","36,308"
2025-03-17 08:49:47,https://www.beforward.jp/toyota/corolla-fielder/bx110228/id/10331058/,"$10,760","13,024"
2025-03-17 08:49:51,https://www.beforward.jp/toyota/probox/bw892545/id/10157960/,"$12,060","14,139"
2025-03-17 09:12:54,https://www.beforward.jp/toyota/land-cruiser-prado/bw759006/id/10023141/,"$33,190","36,308"
2025-03-17 09:12:58,https://www.beforward.jp/toyota/corolla-fielder/bx110228/id/10331058/,"$10,760","13,024"
2025-03-17 09:13:01,https://www.beforward.jp/toyota/probox/bw892545/id/10157960/,"$12,060","14,139"
2025-03-17 09:32:14,https://www.beforward.jp/toyota/land-cruiser-prado/bw759006/id/10023141/,"$33,190","36,308"
2025-03-17 09:32:18,https://www.beforward.jp/toyota/corolla-fielder/bx110228/id/10331058/,"$10,760","13,024"
2025-03-17 09:32:21,https://www.beforward.jp/toyota/probox/bw892545/id/10157960/,"$12,060","14,139"
2025-03-17 09:43:38,https://www.beforward.jp/toyota/land-cruiser-prado/bw759006/id/10023141/,"$33,190","36,308"
2025-03-17 09:43:42,https://www.beforward.jp/toyota/corolla-fielder/bx110228/id/10331058/,"$10,760","13,024"
2025-03-17 09:43:46,https://www.beforward.jp/toyota/probox/bw892545/id/10157960/,"$12,060","14,139"
2025-03-17 10:12:17,https://www.beforward.jp/toyota/land-cruiser-prado/bw759006/id/10023141/,"$33,190","36,308"
2025-03-17 10:12:21,https://www.beforward.jp/toyota/corolla-fielder/bx110228/id/10331058/,"$10,760","13,024"
2025-03-17 10:12:25,https://www.beforward.jp/toyota/probox/bw892545/id/10157960/,"$12,060","14,139"
2025-03-17 10:36:28,https://www.beforward.jp/toyota/land-cruiser-prado/bw759006/id/10023141/,"$33,190","36,308"
2025-03-17 10:36:31,https://www.beforward.jp/toyota/corolla-fielder/bx110228/id/10331058/,"$10,760","13,024"
2025-03-17 10:36:35,https://www.beforward.jp/toyota/probox/bw892545/id/10157960/,"$12,060","14,139"
2025-03-17 10:46:38,https://www.beforward.jp/toyota/land-cruiser-prado/bw759006/id/10023141/,"$33,190","36,308"
2025-03-17 10:46:42,https://www.beforward.jp/toyota/corolla-fielder/bx110228/id/10331058/,"$10,760","13,024"
2025-03-17 10:46:46,https://www.beforward.jp/toyota/probox/bw892545/id/10157960/,"$12,060","14,139"
2025-03-17 11:09:25,https://www.beforward.jp/toyota/land-cruiser-prado/bw759006/id/10023141/,"$33,190","36,308"
2025-03-17 11:09:28,https://www.beforward.jp/toyota/corolla-fielder/bx110228/id/10331058/,"$10,760","13,024"
2025-03-17 11:09:32,https://www.beforward.jp/toyota/probox/bw892545/id/10157960/,"$12,060","14,139"
2025-03-17 11:26:31,https://www.beforward.jp/toyota/land-cruiser-prado/bw759006/id/10023141/,"$33,190","36,308"
2025-03-17 11:26:34,https://www.beforward.jp/toyota/corolla-fielder/bx110228/id/10331058/,"$10,760","13,024"
2025-03-17 11:26:38,https://www.beforward.jp/toyota/probox/bw892545/id/10157960/,"$12,060","14,139"
2025-03-17 11:42:07,https://www.beforward.jp/toyota/land-cruiser-prado/bw759006/id/10023141/,"$33,190","36,308"
2025-03-17 11:42:10,https://www.beforward.jp/toyota/corolla-fielder/bx110228/id/10331058/,"$10,760","13,024"
2025-03-17 11:42:13,https://www.beforward.jp/toyota/probox/bw892545/id/10157960/,"$12,060","14,139"
2025-03-17 12:21:01,https://www.beforward.jp/toyota/land-cruiser-prado/bw759006/id/10023141/,"$33,190","36,308"
2025-03-17 12:21:05,https://www.beforward.jp/toyota/corolla-fielder/bx110228/id/10331058/,"$10,760","13,024"
2025-03-17 12:21:08,https://www.beforward.jp/toyota/probox/bw892545/id/10157960/,"$12,060","14,139"
2025-03-17 13:05:15,https://www.beforward.jp/toyota/land-cruiser-prado/bw759006/id/10023141/,"$33,190","36,308"
2025-03-17 13:05:21,https://www.beforward.jp/toyota/corolla-fielder/bx110228/id/10331058/,"$10,760","13,024"
2025-03-17 13:05:26,https://www.beforward.jp/toyota/probox/bw892545/id/10157960/,"$12,060","14,139"
2025-03-17 13:37:53,https://www.beforward.jp/toyota/land-cruiser-prado/bw759006/id/10023141/,"$33,190","36,308"
2025-03-17 13:37:57,https://www.beforward.jp/toyota/corolla-fielder/bx110228/id/10331058/,"$10,760","13,024"
2025-03-17 13:38:00,https://www.beforward.jp/toyota/probox/bw892545/id/10157960/,"$12,060","14,139"
2025-03-17 13:47:15,https://www.beforward.jp/toyota/land-cruiser-prado/bw759006/id/10023141/,"$33,190","36,308"
2025-03-17 13:47:17,https://www.beforward.jp/toyota/corolla-fielder/bx110228/id/10331058/,"$10,760","13,024"
2025-03-17 13:47:21,https://www.beforward.jp/toyota/probox/bw892545/id/10157960/,"$12,060","14,139"
2025-03-17 14:11:12,https://www.beforward.jp/toyota/land-cruiser-prado/bw759006/id/10023141/,"$33,190","36,308"
2025-03-17 14:11:16,https://www.beforward.jp/toyota/corolla-fielder/bx110228/id/10331058/,"$10,760","13,024"
2025-03-17 14:11:20,https://www.beforward.jp/toyota/probox/bw892545/id/10157960/,"$12,060","14,139"
2025-03-17 14:33:11,https://www.beforward.jp/toyota/land-cruiser-prado/bw759006/id/10023141/,"$33,190","36,308"
2025-03-17 14:33:15,https://www.beforward.jp/toyota/corolla-fielder/bx110228/id/10331058/,"$10,760","13,024"
2025-03-17 14:33:18,https://www.beforward.jp/toyota/probox/bw892545/id/10157960/,"$12,060","14,139"
2025-03-17 15:11:24,https://www.beforward.jp/toyota/land-cruiser-prado/bw759006/id/10023141/,"$33,190","36,308"
2025-03-17 15:11:27,https://www.beforward.jp/toyota/corolla-fielder/bx110228/id/10331058/,"$10,760","13,024"
2025-03-17 15:11:31,https://www.beforward.jp/toyota/probox/bw892545/id/10157960/,"$12,060","14,139"
2025-03-17 15:32:35,https://www.beforward.jp/toyota/land-cruiser-prado/bw759006/id/10023141/,"$33,190","36,308"
2025-03-17 15:32:39,https://www.beforward.jp/toyota/corolla-fielder/bx110228/id/10331058/,"$10,760","13,024"
2025-03-17 15:32:43,https://www.beforward.jp/toyota/probox/bw892545/id/10157960/,"$12,060","14,139"
2025-03-17 15:45:07,https://www.beforward.jp/toyota/land-cruiser-prado/bw759006/id/10023141/,"$33,190","36,308"
2025-03-17 15:45:12,https://www.beforward.jp/toyota/corolla-fielder/bx110228/id/10331058/,"$10,760","13,024"
2025-03-17 15:45:16,https://www.beforward.jp/toyota/probox/bw892545/id/10157960/,"$12,060","14,139"
2025-03-17 16:14:15,https://www.beforward.jp/toyota/land-cruiser-prado/bw759006/id/10023141/,"$33,190","36,308"
2025-03-17 16:14:18,https://www.beforward.jp/toyota/corolla-fielder/bx110228/id/10331058/,"$10,760","13,024"
2025-03-17 16:14:22,https://www.beforward.jp/toyota/probox/bw892545/id/10157960/,"$12,060","14,139"
2025-03-17 16:40:09,https://www.beforward.jp/toyota/land-cruiser-prado/bw759006/id/10023141/,"$33,190","36,308"
2025-03-17 16:40:13,https://www.beforward.jp/toyota/corolla-fielder/bx110228/id/10331058/,"$10,760","13,024"
2025-03-17 16:40:16,https://www.beforward.jp/toyota/probox/bw892545/id/10157960/,"$12,060","14,139"
2025-03-17 16:52:33,https://www.beforward.jp/toyota/land-cruiser-prado/bw759006/id/10023141/,"$33,190","36,308"
2025-03-17 16:52:36,https://www.beforward.jp/toyota/corolla-fielder/bx110228/id/10331058/,"$10,760","13,024"
2025-03-17 16:52:39,https://www.beforward.jp/toyota/probox/bw892545/id/10157960/,"$12,060","14,139"
2025-03-17 17:10:13,https://www.beforward.jp/toyota/land-cruiser-prado/bw759006/id/10023141/,"$33,190","36,308"
2025-03-17 17:10:17,https://www.beforward.jp/toyota/corolla-fielder/bx110228/id/10331058/,"$10,760","13,024"
2025-03-17 17:10:20,https://www.beforward.jp/toyota/probox/bw892545/id/10157960/,"$12,060","14,139"
2025-03-17 17:31:11,https://www.beforward.jp/toyota/land-cruiser-prado/bw759006/id/10023141/,"$33,190","36,308"
2025-03-17 17:31:14,https://www.beforward.jp/toyota/corolla-fielder/bx110228/id/10331058/,"$10,760","13,024"
2025-03-17 17:31:18,https://www.beforward.jp/toyota/probox/bw892545/id/10157960/,"$12,060","14,139"
2025-03-17 17:42:50,https://www.beforward.jp/toyota/land-cruiser-prado/bw759006/id/10023141/,"$33,190","36,308"
2025-03-17 17:42:54,https://www.beforward.jp/toyota/corolla-fielder/bx110228/id/10331058/,"$10,760","13,024"
2025-03-17 17:42:57,https://www.beforward.jp/toyota/probox/bw892545/id/10157960/,"$12,060","14,139"
2025-03-17 18:15:08,https://www.beforward.jp/toyota/land-cruiser-prado/bw759006/id/10023141/,"$33,190","36,308"
2025-03-17 18:15:12,https://www.beforward.jp/toyota/corolla-fielder/bx110228/id/10331058/,"$10,760","13,024"
2025-03-17 18:15:15,https://www.beforward.jp/toyota/probox/bw892545/id/10157960/,"$12,060","14,139"
2025-03-17 18:38:07,https://www.beforward.jp/toyota/land-cruiser-prado/bw759006/id/10023141/,"$33,190","36,308"
2025-03-17 18:38:11,https://www.beforward.jp/toyota/corolla-fielder/bx110228/id/10331058/,"$10,760","13,024"
2025-03-17 18:38:15,https://www.beforward.jp/toyota/probox/bw892545/id/10157960/,"$12,060","14,139"
2025-03-17 18:49:17,https://www.beforward.jp/toyota/land-cruiser-prado/bw759006/id/10023141/,"$33,190","36,308"
2025-03-17 18:49:21,https://www.beforward.jp/toyota/corolla-fielder/bx110228/id/10331058/,"$10,760","13,024"
2025-03-17 18:49:24,https://www.beforward.jp/toyota/probox/bw892545/id/10157960/,"$12,060","14,139"
2025-03-17 19:08:48,https://www.beforward.jp/toyota/land-cruiser-prado/bw759006/id/10023141/,"$33,190","36,308"
2025-03-17 19:08:51,https://www.beforward.jp/toyota/corolla-fielder/bx110228/id/10331058/,"$10,760","13,024"
2025-03-17 19:08:55,https://www.beforward.jp/toyota/probox/bw892545/id/10157960/,"$12,060","14,139"
2025-03-17 19:24:52,https://www.beforward.jp/toyota/land-cruiser-prado/bw759006/id/10023141/,"$33,190","36,308"
2025-03-17 19:24:56,https://www.beforward.jp/toyota/corolla-fielder/bx110228/id/10331058/,"$10,760","13,024"
2025-03-17 19:25:00,https://www.beforward.jp/toyota/probox/bw892545/id/10157960/,"$12,060","14,139"
2025-03-17 19:42:01,https://www.beforward.jp/toyota/land-cruiser-prado/bw759006/id/10023141/,"$33,190","36,308"
2025-03-17 19:42:06,https://www.beforward.jp/toyota/corolla-fielder/bx110228/id/10331058/,"$10,760","13,024"
2025-03-17 19:42:09,https://www.beforward.jp/toyota/probox/bw892545/id/10157960/,"$12,060","14,139"
2025-03-17 20:12:17,https://www.beforward.jp/toyota/land-cruiser-prado/bw759006/id/10023141/,"$33,190","36,308"
2025-03-17 20:12:21,https://www.beforward.jp/toyota/corolla-fielder/bx110228/id/10331058/,"$10,760","13,024"
2025-03-17 20:12:24,https://www.beforward.jp/toyota/probox/bw892545/id/10157960/,"$12,060","14,139"
2025-03-17 20:31:32,https://www.beforward.jp/toyota/land-cruiser-prado/bw759006/id/10023141/,"$33,190","36,308"
2025-03-17 20:31:36,https://www.beforward.jp/toyota/corolla-fielder/bx110228/id/10331058/,"$10,760","13,024"
2025-03-17 20:31:39,https://www.beforward.jp/toyota/probox/bw892545/id/10157960/,"$12,060","14,139"
2025-03-17 20:44:11,https://www.beforward.jp/toyota/land-cruiser-prado/bw759006/id/10023141/,"$33,190","36,308"
2025-03-17 20:44:15,https://www.beforward.jp/toyota/corolla-fielder/bx110228/id/10331058/,"$10,760","13,024"
2025-03-17 20:44:19,https://www.beforward.jp/toyota/probox/bw892545/id/10157960/,"$12,060","14,139"
2025-03-17 21:10:15,https://www.beforward.jp/toyota/land-cruiser-prado/bw759006/id/10023141/,"$33,190","36,308"
2025-03-17 21:10:18,https://www.beforward.jp/toyota/corolla-fielder/bx110228/id/10331058/,"$10,760","13,024"
2025-03-17 21:10:24,https://www.beforward.jp/toyota/probox/bw892545/id/10157960/,"$12,060","14,139"
2025-03-17 21:28:41,https://www.beforward.jp/toyota/land-cruiser-prado/bw759006/id/10023141/,"$33,190","36,308"
2025-03-17 21:28:44,https://www.beforward.jp/toyota/corolla-fielder/bx110228/id/10331058/,"$10,760","13,024"
2025-03-17 21:28:47,https://www.beforward.jp/toyota/probox/bw892545/id/10157960/,"$12,060","14,139"
2025-03-17 21:42:21,https://www.beforward.jp/toyota/land-cruiser-prado/bw759006/id/10023141/,"$33,190","36,308"
2025-03-17 21:42:24,https://www.beforward.jp/toyota/corolla-fielder/bx110228/id/10331058/,"$10,760","13,024"
2025-03-17 21:42:27,https://www.beforward.jp/toyota/probox/bw892545/id/10157960/,"$12,060","14,139"
2025-03-17 22:10:41,https://www.beforward.jp/toyota/land-cruiser-prado/bw759006/id/10023141/,"$33,190","36,308"
2025-03-17 22:10:45,https://www.beforward.jp/toyota/corolla-fielder/bx110228/id/10331058/,"$10,760","13,024"
2025-03-17 22:10:48,https://www.beforward.jp/toyota/probox/bw892545/id/10157960/,"$12,060","14,139"
2025-03-17 22:33:09,https://www.beforward.jp/toyota/land-cruiser-prado/bw759006/id/10023141/,"$33,190","36,308"
2025-03-17 22:33:13,https://www.beforward.jp/toyota/corolla-fielder/bx110228/id/10331058/,"$10,760","13,024"
2025-03-17 22:33:16,https://www.beforward.jp/toyota/probox/bw892545/id/10157960/,"$12,060","14,139"
2025-03-17 22:43:57,https://www.beforward.jp/toyota/land-cruiser-prado/bw759006/id/10023141/,"$33,190","36,308"
2025-03-17 22:44:00,https://www.beforward.jp/toyota/corolla-fielder/bx110228/id/10331058/,"$10,760","13,024"
2025-03-17 22:44:03,https://www.beforward.jp/toyota/probox/bw892545/id/10157960/,"$12,060","14,139"
2025-03-17 23:10:16,https://www.beforward.jp/toyota/land-cruiser-prado/bw759006/id/10023141/,"$33,190","36,308"
2025-03-17 23:10:23,https://www.beforward.jp/toyota/corolla-fielder/bx110228/id/10331058/,"$10,760","13,024"
2025-03-17 23:10:27,https://www.beforward.jp/toyota/probox/bw892545/id/10157960/,"$12,060","14,139"
2025-03-17 23:28:24,https://www.beforward.jp/toyota/land-cruiser-prado/bw759006/id/10023141/,"$33,190","36,308"
2025-03-17 23:28:27,https://www.beforward.jp/toyota/corolla-fielder/bx110228/id/10331058/,"$10,760","13,024"
2025-03-17 23:28:30,https://www.beforward.jp/toyota/probox/bw892545/id/10157960/,"$12,060","14,139"
2025-03-17 23:42:15,https://www.beforward.jp/toyota/land-cruiser-prado/bw759006/id/10023141/,"$32,960","36,078"
2025-03-17 23:42:19,https://www.beforward.jp/toyota/corolla-fielder/bx110228/id/10331058/,"$10,690","12,953"
2025-03-17 23:42:22,https://www.beforward.jp/toyota/probox/bw892545/id/10157960/,"$11,980","14,059"
2025-03-18 00:52:11,https://www.beforward.jp/toyota/land-cruiser-prado/bw759006/id/10023141/,"$32,960","36,078"
2025-03-18 00:52:14,https://www.beforward.jp/toyota/corolla-fielder/bx110228/id/10331058/,"$10,690","12,953"
2025-03-18 00:52:18,https://www.beforward.jp/toyota/probox/bw892545/id/10157960/,"$11,980","14,059"
2025-03-18 02:19:55,https://www.beforward.jp/toyota/land-cruiser-prado/bw759006/id/10023141/,"$32,960","36,078"
2025-03-18 02:19:58,https://www.beforward.jp/toyota/corolla-fielder/bx110228/id/10331058/,"$10,690","12,953"
2025-03-18 02:20:01,https://www.beforward.jp/toyota/probox/bw892545/id/10157960/,"$11,980","14,059"
2025-03-18 03:07:28,https://www.beforward.jp/toyota/land-cruiser-prado/bw759006/id/10023141/,"$32,960","36,078"
2025-03-18 03:07:32,https://www.beforward.jp/toyota/corolla-fielder/bx110228/id/10331058/,"$10,690","12,953"
2025-03-18 03:07:36,https://www.beforward.jp/toyota/probox/bw892545/id/10157960/,"$11,980","14,059"
2025-03-18 03:42:32,https://www.beforward.jp/toyota/land-cruiser-prado/bw759006/id/10023141/,"$32,960","36,078"
2025-03-18 03:42:35,https://www.beforward.jp/toyota/corolla-fielder/bx110228/id/10331058/,"$10,690","12,953"
2025-03-18 03:42:38,https://www.beforward.jp/toyota/probox/bw892545/id/10157960/,"$11,980","14,059"
2025-03-18 04:13:33,https://www.beforward.jp/toyota/land-cruiser-prado/bw759006/id/10023141/,"$32,960","36,078"
2025-03-18 04:13:37,https://www.beforward.jp/toyota/corolla-fielder/bx110228/id/10331058/,"$10,690","12,953"
2025-03-18 04:13:40,https://www.beforward.jp/toyota/probox/bw892545/id/10157960/,"$11,980","14,059"
2025-03-18 04:34:19,https://www.beforward.jp/toyota/land-cruiser-prado/bw759006/id/10023141/,"$32,960","36,078"
2025-03-18 04:34:22,https://www.beforward.jp/toyota/corolla-fielder/bx110228/id/10331058/,"$10,690","12,953"
2025-03-18 04:34:26,https://www.beforward.jp/toyota/probox/bw892545/id/10157960/,"$11,980","14,059"
2025-03-18 04:47:08,https://www.beforward.jp/toyota/land-cruiser-prado/bw759006/id/10023141/,"$32,960","36,078"
2025-03-18 04:47:12,https://www.beforward.jp/toyota/corolla-fielder/bx110228/id/10331058/,"$10,690","12,953"
2025-03-18 04:47:15,https://www.beforward.jp/toyota/probox/bw892545/id/10157960/,"$11,980","14,059"
2025-03-18 05:11:36,https://www.beforward.jp/toyota/land-cruiser-prado/bw759006/id/10023141/,"$32,960","36,078"
2025-03-18 05:11:39,https://www.beforward.jp/toyota/corolla-fielder/bx110228/id/10331058/,"$10,690","12,953"
2025-03-18 05:11:43,https://www.beforward.jp/toyota/probox/bw892545/id/10157960/,"$11,980","14,059"
2025-03-18 05:32:21,https://www.beforward.jp/toyota/land-cruiser-prado/bw759006/id/10023141/,"$32,960","36,078"
2025-03-18 05:32:25,https://www.beforward.jp/toyota/corolla-fielder/bx110228/id/10331058/,"$10,690","12,953"
2025-03-18 05:32:28,https://www.beforward.jp/toyota/probox/bw892545/id/10157960/,"$11,980","14,059"
2025-03-18 05:43:52,https://www.beforward.jp/toyota/land-cruiser-prado/bw759006/id/10023141/,"$32,960","36,078"
2025-03-18 05:43:55,https://www.beforward.jp/toyota/corolla-fielder/bx110228/id/10331058/,"$10,690","12,953"
2025-03-18 05:43:58,https://www.beforward.jp/toyota/probox/bw892545/id/10157960/,"$11,980","14,059"
2025-03-18 06:15:41,https://www.beforward.jp/toyota/land-cruiser-prado/bw759006/id/10023141/,"$32,960","36,078"
2025-03-18 06:15:45,https://www.beforward.jp/toyota/corolla-fielder/bx110228/id/10331058/,"$10,690","12,953"
2025-03-18 06:15:49,https://www.beforward.jp/toyota/probox/bw892545/id/10157960/,"$11,980","14,059"
2025-03-18 06:41:16,https://www.beforward.jp/toyota/land-cruiser-prado/bw759006/id/10023141/,"$32,960","36,078"
2025-03-18 06:41:21,https://www.beforward.jp/toyota/corolla-fielder/bx110228/id/10331058/,"$10,690","12,953"
2025-03-18 06:41:28,https://www.beforward.jp/toyota/probox/bw892545/id/10157960/,"$11,980","14,059"
2025-03-18 07:11:31,https://www.beforward.jp/toyota/land-cruiser-prado/bw759006/id/10023141/,"$32,960","36,078"
2025-03-18 07:11:35,https://www.beforward.jp/toyota/corolla-fielder/bx110228/id/10331058/,"$10,690","12,953"
2025-03-18 07:11:38,https://www.beforward.jp/toyota/probox/bw892545/id/10157960/,"$11,980","14,059"
2025-03-18 07:29:19,https://www.beforward.jp/toyota/land-cruiser-prado/bw759006/id/10023141/,"$32,960","36,078"
2025-03-18 07:29:22,https://www.beforward.jp/toyota/corolla-fielder/bx110228/id/10331058/,"$10,690","12,953"
2025-03-18 07:29:25,https://www.beforward.jp/toyota/probox/bw892545/id/10157960/,"$11,980","14,059"
2025-03-18 07:42:40,https://www.beforward.jp/toyota/land-cruiser-prado/bw759006/id/10023141/,"$32,960","36,078"
2025-03-18 07:42:43,https://www.beforward.jp/toyota/corolla-fielder/bx110228/id/10331058/,"$10,690","12,953"
2025-03-18 07:42:47,https://www.beforward.jp/toyota/probox/bw892545/id/10157960/,"$11,980","14,059"
2025-03-18 08:14:51,https://www.beforward.jp/toyota/land-cruiser-prado/bw759006/id/10023141/,"$32,960","36,078"
2025-03-18 08:14:54,https://www.beforward.jp/toyota/corolla-fielder/bx110228/id/10331058/,"$10,690","12,953"
2025-03-18 08:14:58,https://www.beforward.jp/toyota/probox/bw892545/id/10157960/,"$11,980","14,059"
2025-03-18 08:36:51,https://www.beforward.jp/toyota/land-cruiser-prado/bw759006/id/10023141/,"$32,960","36,078"
2025-03-18 08:36:54,https://www.beforward.jp/toyota/corolla-fielder/bx110228/id/10331058/,"$10,690","12,953"
2025-03-18 08:36:58,https://www.beforward.jp/toyota/probox/bw892545/id/10157960/,"$11,980","14,059"
2025-03-18 08:50:05,https://www.beforward.jp/toyota/land-cruiser-prado/bw759006/id/10023141/,"$32,960","36,078"
2025-03-18 08:50:08,https://www.beforward.jp/toyota/corolla-fielder/bx110228/id/10331058/,"$10,690","12,953"
2025-03-18 08:50:12,https://www.beforward.jp/toyota/probox/bw892545/id/10157960/,"$11,980","14,059"
2025-03-18 09:12:19,https://www.beforward.jp/toyota/land-cruiser-prado/bw759006/id/10023141/,"$32,960","36,078"
2025-03-18 09:12:30,https://www.beforward.jp/toyota/corolla-fielder/bx110228/id/10331058/,"$10,690","12,953"
2025-03-18 09:12:39,https://www.beforward.jp/toyota/probox/bw892545/id/10157960/,"$11,980","14,059"
2025-03-18 09:44:04,https://www.beforward.jp/toyota/land-cruiser-prado/bw759006/id/10023141/,"$32,960","36,078"
2025-03-18 09:44:07,https://www.beforward.jp/toyota/corolla-fielder/bx110228/id/10331058/,"$10,690","12,953"
2025-03-18 09:44:10,https://www.beforward.jp/toyota/probox/bw892545/id/10157960/,"$11,980","14,059"
2025-03-18 10:12:07,https://www.beforward.jp/toyota/land-cruiser-prado/bw759006/id/10023141/,"$32,960","36,078"
2025-03-18 10:12:10,https://www.beforward.jp/toyota/corolla-fielder/bx110228/id/10331058/,"$10,690","12,953"
2025-03-18 10:12:13,https://www.beforward.jp/toyota/probox/bw892545/id/10157960/,"$11,980","14,059"
2025-03-18 10:35:41,https://www.beforward.jp/toyota/land-cruiser-prado/bw759006/id/10023141/,"$32,960","36,078"
2025-03-18 10:35:44,https://www.beforward.jp/toyota/corolla-fielder/bx110228/id/10331058/,"$10,690","12,953"
2025-03-18 10:35:48,https://www.beforward.jp/toyota/probox/bw892545/id/10157960/,"$11,980","14,059"
2025-03-18 10:46:13,https://www.beforward.jp/toyota/land-cruiser-prado/bw759006/id/10023141/,"$32,960","36,078"
2025-03-18 10:46:16,https://www.beforward.jp/toyota/corolla-fielder/bx110228/id/10331058/,"$10,690","12,953"
2025-03-18 10:46:20,https://www.beforward.jp/toyota/probox/bw892545/id/10157960/,"$11,980","14,059"
2025-03-18 11:09:25,https://www.beforward.jp/toyota/land-cruiser-prado/bw759006/id/10023141/,"$32,960","36,078"
2025-03-18 11:09:29,https://www.beforward.jp/toyota/corolla-fielder/bx110228/id/10331058/,"$10,690","12,953"
2025-03-18 11:09:32,https://www.beforward.jp/toyota/probox/bw892545/id/10157960/,"$11,980","14,059"
2025-03-18 11:26:23,https://www.beforward.jp/toyota/land-cruiser-prado/bw759006/id/10023141/,"$32,960","36,078"
2025-03-18 11:26:26,https://www.beforward.jp/toyota/corolla-fielder/bx110228/id/10331058/,"$10,690","12,953"
2025-03-18 11:26:30,https://www.beforward.jp/toyota/probox/bw892545/id/10157960/,"$11,980","14,059"
2025-03-18 11:42:13,https://www.beforward.jp/toyota/land-cruiser-prado/bw759006/id/10023141/,"$32,960","36,078"
2025-03-18 11:42:16,https://www.beforward.jp/toyota/corolla-fielder/bx110228/id/10331058/,"$10,690","12,953"
2025-03-18 11:42:19,https://www.beforward.jp/toyota/probox/bw892545/id/10157960/,"$11,980","14,059"
2025-03-18 12:20:57,https://www.beforward.jp/toyota/land-cruiser-prado/bw759006/id/10023141/,"$32,960","36,078"
2025-03-18 12:21:00,https://www.beforward.jp/toyota/corolla-fielder/bx110228/id/10331058/,"$10,690","12,953"
2025-03-18 12:21:04,https://www.beforward.jp/toyota/probox/bw892545/id/10157960/,"$11,980","14,059"
2025-03-18 13:04:56,https://www.beforward.jp/toyota/land-cruiser-prado/bw759006/id/10023141/,"$32,960","36,078"
2025-03-18 13:04:59,https://www.beforward.jp/toyota/corolla-fielder/bx110228/id/10331058/,"$10,690","12,953"
2025-03-18 13:05:03,https://www.beforward.jp/toyota/probox/bw892545/id/10157960/,"$11,980","14,059"
2025-03-18 13:36:27,https://www.beforward.jp/toyota/land-cruiser-prado/bw759006/id/10023141/,"$32,960","36,078"
2025-03-18 13:36:30,https://www.beforward.jp/toyota/corolla-fielder/bx110228/id/10331058/,"$10,690","12,953"
2025-03-18 13:36:34,https://www.beforward.jp/toyota/probox/bw892545/id/10157960/,"$11,980","14,059"
2025-03-18 13:46:23,https://www.beforward.jp/toyota/land-cruiser-prado/bw759006/id/10023141/,"$32,960","36,078"
2025-03-18 13:46:27,https://www.beforward.jp/toyota/corolla-fielder/bx110228/id/10331058/,"$10,690","12,953"
2025-03-18 13:46:31,https://www.beforward.jp/toyota/probox/bw892545/id/10157960/,"$11,980","14,059"
2025-03-18 14:10:59,https://www.beforward.jp/toyota/land-cruiser-prado/bw759006/id/10023141/,"$32,960","36,078"
2025-03-18 14:11:02,https://www.beforward.jp/toyota/corolla-fielder/bx110228/id/10331058/,"$10,690","12,953"
2025-03-18 14:11:05,https://www.beforward.jp/toyota/probox/bw892545/id/10157960/,"$11,980","14,059"
2025-03-18 14:34:18,https://www.beforward.jp/toyota/land-cruiser-prado/bw759006/id/10023141/,"$32,960","36,078"
2025-03-18 14:34:21,https://www.beforward.jp/toyota/corolla-fielder/bx110228/id/10331058/,"$10,690","12,953"
2025-03-18 14:34:24,https://www.beforward.jp/toyota/probox/bw892545/id/10157960/,"$11,980","14,059"
2025-03-18 14:46:06,https://www.beforward.jp/toyota/land-cruiser-prado/bw759006/id/10023141/,"$32,960","36,078"
2025-03-18 14:46:11,https://www.beforward.jp/toyota/corolla-fielder/bx110228/id/10331058/,"$10,690","12,953"
2025-03-18 14:46:14,https://www.beforward.jp/toyota/probox/bw892545/id/10157960/,"$11,980","14,059"
2025-03-18 15:12:08,https://www.beforward.jp/toyota/land-cruiser-prado/bw759006/id/10023141/,"$32,960","36,078"
2025-03-18 15:12:11,https://www.beforward.jp/toyota/corolla-fielder/bx110228/id/10331058/,"$10,690","12,953"
2025-03-18 15:12:15,https://www.beforward.jp/toyota/probox/bw892545/id/10157960/,"$11,980","14,059"
2025-03-18 15:33:17,https://www.beforward.jp/toyota/land-cruiser-prado/bw759006/id/10023141/,"$32,960","36,078"
2025-03-18 15:33:21,https://www.beforward.jp/toyota/corolla-fielder/bx110228/id/10331058/,"$10,690","12,953"
2025-03-18 15:33:24,https://www.beforward.jp/toyota/probox/bw892545/id/10157960/,"$11,980","14,059"
2025-03-18 15:45:12,https://www.beforward.jp/toyota/land-cruiser-prado/bw759006/id/10023141/,"$32,960","36,078"
2025-03-18 15:45:16,https://www.beforward.jp/toyota/corolla-fielder/bx110228/id/10331058/,"$10,690","12,953"
2025-03-18 15:45:19,https://www.beforward.jp/toyota/probox/bw892545/id/10157960/,"$11,980","14,059"
2025-03-18 16:14:04,https://www.beforward.jp/toyota/land-cruiser-prado/bw759006/id/10023141/,"$32,960","36,078"
2025-03-18 16:14:07,https://www.beforward.jp/toyota/corolla-fielder/bx110228/id/10331058/,"$10,690","12,953"
2025-03-18 16:14:11,https://www.beforward.jp/toyota/probox/bw892545/id/10157960/,"$11,980","14,059"
2025-03-18 16:40:05,https://www.beforward.jp/toyota/land-cruiser-prado/bw759006/id/10023141/,"$32,960","36,078"
2025-03-18 16:40:08,https://www.beforward.jp/toyota/corolla-fielder/bx110228/id/10331058/,"$10,690","12,953"
2025-03-18 16:40:11,https://www.beforward.jp/toyota/probox/bw892545/id/10157960/,"$11,980","14,059"
2025-03-18 16:51:55,https://www.beforward.jp/toyota/land-cruiser-prado/bw759006/id/10023141/,"$32,960","36,078"
2025-03-18 16:51:58,https://www.beforward.jp/toyota/corolla-fielder/bx110228/id/10331058/,"$10,690","12,953"
2025-03-18 16:52:01,https://www.beforward.jp/toyota/probox/bw892545/id/10157960/,"$11,980","14,059"
2025-03-18 17:10:16,https://www.beforward.jp/toyota/land-cruiser-prado/bw759006/id/10023141/,"$32,960","36,078"
2025-03-18 17:10:19,https://www.beforward.jp/toyota/corolla-fielder/bx110228/id/10331058/,"$10,690","12,953"
2025-03-18 17:10:22,https://www.beforward.jp/toyota/probox/bw892545/id/10157960/,"$11,980","14,059"
2025-03-18 17:31:19,https://www.beforward.jp/toyota/land-cruiser-prado/bw759006/id/10023141/,"$32,960","36,078"
2025-03-18 17:31:22,https://www.beforward.jp/toyota/corolla-fielder/bx110228/id/10331058/,"$10,690","12,953"
2025-03-18 17:31:28,https://www.beforward.jp/toyota/probox/bw892545/id/10157960/,"$11,980","14,059"
2025-03-18 17:42:49,https://www.beforward.jp/toyota/land-cruiser-prado/bw759006/id/10023141/,"$32,960","36,078"
2025-03-18 17:42:52,https://www.beforward.jp/toyota/corolla-fielder/bx110228/id/10331058/,"$10,690","12,953"
2025-03-18 17:42:56,https://www.beforward.jp/toyota/probox/bw892545/id/10157960/,"$11,980","14,059"
2025-03-18 18:15:28,https://www.beforward.jp/toyota/land-cruiser-prado/bw759006/id/10023141/,"$32,960","36,078"
2025-03-18 18:15:32,https://www.beforward.jp/toyota/corolla-fielder/bx110228/id/10331058/,"$10,690","12,953"
2025-03-18 18:15:36,https://www.beforward.jp/toyota/probox/bw892545/id/10157960/,"$11,980","14,059"
2025-03-18 18:41:07,https://www.beforward.jp/toyota/land-cruiser-prado/bw759006/id/10023141/,"$32,960","36,078"
2025-03-18 18:41:10,https://www.beforward.jp/toyota/corolla-fielder/bx110228/id/10331058/,"$10,690","12,953"
2025-03-18 18:41:14,https://www.beforward.jp/toyota/probox/bw892545/id/10157960/,"$11,980","14,059"
2025-03-18 19:08:52,https://www.beforward.jp/toyota/land-cruiser-prado/bw759006/id/10023141/,"$32,960","36,078"
2025-03-18 19:08:55,https://www.beforward.jp/toyota/corolla-fielder/bx110228/id/10331058/,"$10,690","12,953"
2025-03-18 19:08:59,https://www.beforward.jp/toyota/probox/bw892545/id/10157960/,"$11,980","14,059"
2025-03-18 19:24:52,https://www.beforward.jp/toyota/land-cruiser-prado/bw759006/id/10023141/,"$32,960","36,078"
2025-03-18 19:24:55,https://www.beforward.jp/toyota/corolla-fielder/bx110228/id/10331058/,"$10,690","12,953"
2025-03-18 19:24:58,https://www.beforward.jp/toyota/probox/bw892545/id/10157960/,"$11,980","14,059"
2025-03-18 19:42:27,https://www.beforward.jp/toyota/land-cruiser-prado/bw759006/id/10023141/,"$32,960","36,078"
2025-03-18 19:42:33,https://www.beforward.jp/toyota/corolla-fielder/bx110228/id/10331058/,"$10,690","12,953"
2025-03-18 19:42:37,https://www.beforward.jp/toyota/probox/bw892545/id/10157960/,"$11,980","14,059"
2025-03-18 20:11:21,https://www.beforward.jp/toyota/land-cruiser-prado/bw759006/id/10023141/,"$32,960","36,078"
2025-03-18 20:11:25,https://www.beforward.jp/toyota/corolla-fielder/bx110228/id/10331058/,"$10,690","12,953"
2025-03-18 20:11:28,https://www.beforward.jp/toyota/probox/bw892545/id/10157960/,"$11,980","14,059"
2025-03-18 20:30:41,https://www.beforward.jp/toyota/land-cruiser-prado/bw759006/id/10023141/,"$32,960","36,078"
2025-03-18 20:30:44,https://www.beforward.jp/toyota/corolla-fielder/bx110228/id/10331058/,"$10,690","12,953"
2025-03-18 20:30:47,https://www.beforward.jp/toyota/probox/bw892545/id/10157960/,"$11,980","14,059"
2025-03-18 20:43:30,https://www.beforward.jp/toyota/land-cruiser-prado/bw759006/id/10023141/,"$32,960","36,078"
2025-03-18 20:43:33,https://www.beforward.jp/toyota/corolla-fielder/bx110228/id/10331058/,"$10,690","12,953"
2025-03-18 20:43:36,https://www.beforward.jp/toyota/probox/bw892545/id/10157960/,"$11,980","14,059"
2025-03-18 21:10:05,https://www.beforward.jp/toyota/land-cruiser-prado/bw759006/id/10023141/,"$32,960","36,078"
2025-03-18 21:10:09,https://www.beforward.jp/toyota/corolla-fielder/bx110228/id/10331058/,"$10,690","12,953"
2025-03-18 21:10:12,https://www.beforward.jp/toyota/probox/bw892545/id/10157960/,"$11,980","14,059"
2025-03-18 21:28:15,https://www.beforward.jp/toyota/land-cruiser-prado/bw759006/id/10023141/,"$32,960","36,078"
2025-03-18 21:28:18,https://www.beforward.jp/toyota/corolla-fielder/bx110228/id/10331058/,"$10,690","12,953"
2025-03-18 21:28:21,https://www.beforward.jp/toyota/probox/bw892545/id/10157960/,"$11,980","14,059"
2025-03-18 21:42:13,https://www.beforward.jp/toyota/land-cruiser-prado/bw759006/id/10023141/,"$32,960","36,078"
2025-03-18 21:42:17,https://www.beforward.jp/toyota/corolla-fielder/bx110228/id/10331058/,"$10,690","12,953"
2025-03-18 21:42:20,https://www.beforward.jp/toyota/probox/bw892545/id/10157960/,"$11,980","14,059"
2025-03-18 22:10:02,https://www.beforward.jp/toyota/land-cruiser-prado/bw759006/id/10023141/,"$32,960","36,078"
2025-03-18 22:10:06,https://www.beforward.jp/toyota/corolla-fielder/bx110228/id/10331058/,"$10,690","12,953"
2025-03-18 22:10:09,https://www.beforward.jp/toyota/probox/bw892545/id/10157960/,"$11,980","14,059"
2025-03-18 22:32:11,https://www.beforward.jp/toyota/land-cruiser-prado/bw759006/id/10023141/,"$32,960","36,078"
2025-03-18 22:32:14,https://www.beforward.jp/toyota/corolla-fielder/bx110228/id/10331058/,"$10,690","12,953"
2025-03-18 22:32:18,https://www.beforward.jp/toyota/probox/bw892545/id/10157960/,"$11,980","14,059"
2025-03-18 22:43:11,https://www.beforward.jp/toyota/land-cruiser-prado/bw759006/id/10023141/,"$32,960","36,078"
2025-03-18 22:43:14,https://www.beforward.jp/toyota/corolla-fielder/bx110228/id/10331058/,"$10,690","12,953"
2025-03-18 22:43:18,https://www.beforward.jp/toyota/probox/bw892545/id/10157960/,"$11,980","14,059"
2025-03-18 23:10:27,https://www.beforward.jp/toyota/land-cruiser-prado/bw759006/id/10023141/,"$32,960","36,078"
2025-03-18 23:10:30,https://www.beforward.jp/toyota/corolla-fielder/bx110228/id/10331058/,"$10,690","12,953"
2025-03-18 23:10:34,https://www.beforward.jp/toyota/probox/bw892545/id/10157960/,"$11,980","14,059"
2025-03-18 23:28:07,https://www.beforward.jp/toyota/land-cruiser-prado/bw759006/id/10023141/,"$32,960","36,078"
2025-03-18 23:28:10,https://www.beforward.jp/toyota/corolla-fielder/bx110228/id/10331058/,"$10,690","12,953"
2025-03-18 23:28:13,https://www.beforward.jp/toyota/probox/bw892545/id/10157960/,"$11,980","14,059"
2025-03-18 23:42:00,https://www.beforward.jp/toyota/land-cruiser-prado/bw759006/id/10023141/,"$32,960","36,078"
2025-03-18 23:42:03,https://www.beforward.jp/toyota/corolla-fielder/bx110228/id/10331058/,"$10,690","12,953"
2025-03-18 23:42:06,https://www.beforward.jp/toyota/probox/bw892545/id/10157960/,"$11,980","14,059"
2025-03-19 00:52:40,https://www.beforward.jp/toyota/land-cruiser-prado/bw759006/id/10023141/,"$32,960","36,078"
2025-03-19 00:52:43,https://www.beforward.jp/toyota/corolla-fielder/bx110228/id/10331058/,"$10,690","12,953"
2025-03-19 00:52:46,https://www.beforward.jp/toyota/probox/bw892545/id/10157960/,"$11,980","14,059"
2025-03-19 02:19:30,https://www.beforward.jp/toyota/land-cruiser-prado/bw759006/id/10023141/,"$32,960","36,078"
2025-03-19 02:19:33,https://www.beforward.jp/toyota/corolla-fielder/bx110228/id/10331058/,"$10,690","12,953"
2025-03-19 02:19:37,https://www.beforward.jp/toyota/probox/bw892545/id/10157960/,"$11,980","14,059"
2025-03-19 03:06:20,https://www.beforward.jp/toyota/land-cruiser-prado/bw759006/id/10023141/,"$32,960","36,078"
2025-03-19 03:06:24,https://www.beforward.jp/toyota/corolla-fielder/bx110228/id/10331058/,"$10,690","12,953"
2025-03-19 03:06:27,https://www.beforward.jp/toyota/probox/bw892545/id/10157960/,"$11,980","14,059"
2025-03-19 03:42:11,https://www.beforward.jp/toyota/land-cruiser-prado/bw759006/id/10023141/,"$32,960","36,078"
2025-03-19 03:42:17,https://www.beforward.jp/toyota/corolla-fielder/bx110228/id/10331058/,"$10,690","12,953"
2025-03-19 03:42:20,https://www.beforward.jp/toyota/probox/bw892545/id/10157960/,"$11,980","14,059"
2025-03-19 04:13:12,https://www.beforward.jp/toyota/land-cruiser-prado/bw759006/id/10023141/,"$32,960","36,078"
2025-03-19 04:13:16,https://www.beforward.jp/toyota/corolla-fielder/bx110228/id/10331058/,"$10,690","12,953"
2025-03-19 04:13:19,https://www.beforward.jp/toyota/probox/bw892545/id/10157960/,"$11,980","14,059"
2025-03-19 04:35:12,https://www.beforward.jp/toyota/land-cruiser-prado/bw759006/id/10023141/,"$32,960","36,078"
2025-03-19 04:35:16,https://www.beforward.jp/toyota/corolla-fielder/bx110228/id/10331058/,"$10,690","12,953"
2025-03-19 04:35:19,https://www.beforward.jp/toyota/probox/bw892545/id/10157960/,"$11,980","14,059"
2025-03-19 04:46:59,https://www.beforward.jp/toyota/land-cruiser-prado/bw759006/id/10023141/,"$32,960","36,078"
2025-03-19 04:47:03,https://www.beforward.jp/toyota/corolla-fielder/bx110228/id/10331058/,"$10,690","12,953"
2025-03-19 04:47:06,https://www.beforward.jp/toyota/probox/bw892545/id/10157960/,"$11,980","14,059"
2025-03-19 05:11:03,https://www.beforward.jp/toyota/land-cruiser-prado/bw759006/id/10023141/,"$32,960","36,078"
2025-03-19 05:11:07,https://www.beforward.jp/toyota/corolla-fielder/bx110228/id/10331058/,"$10,690","12,953"
2025-03-19 05:11:10,https://www.beforward.jp/toyota/probox/bw892545/id/10157960/,"$11,980","14,059"
2025-03-19 05:32:00,https://www.beforward.jp/toyota/land-cruiser-prado/bw759006/id/10023141/,"$32,960","36,078"
2025-03-19 05:32:04,https://www.beforward.jp/toyota/corolla-fielder/bx110228/id/10331058/,"$10,690","12,953"
2025-03-19 05:32:07,https://www.beforward.jp/toyota/probox/bw892545/id/10157960/,"$11,980","14,059"
2025-03-19 05:43:23,https://www.beforward.jp/toyota/land-cruiser-prado/bw759006/id/10023141/,"$32,960","36,078"
2025-03-19 05:43:26,https://www.beforward.jp/toyota/corolla-fielder/bx110228/id/10331058/,"$10,690","12,953"
2025-03-19 05:43:30,https://www.beforward.jp/toyota/probox/bw892545/id/10157960/,"$11,980","14,059"
2025-03-19 06:15:59,https://www.beforward.jp/toyota/land-cruiser-prado/bw759006/id/10023141/,"$32,960","36,078"
2025-03-19 06:16:02,https://www.beforward.jp/toyota/corolla-fielder/bx110228/id/10331058/,"$10,690","12,953"
2025-03-19 06:16:08,https://www.beforward.jp/toyota/probox/bw892545/id/10157960/,"$11,980","14,059"
2025-03-19 06:42:08,https://www.beforward.jp/toyota/land-cruiser-prado/bw759006/id/10023141/,"$32,960","36,078"
2025-03-19 06:42:12,https://www.beforward.jp/toyota/corolla-fielder/bx110228/id/10331058/,"$10,690","12,953"
2025-03-19 06:42:15,https://www.beforward.jp/toyota/probox/bw892545/id/10157960/,"$11,980","14,059"
2025-03-19 07:11:06,https://www.beforward.jp/toyota/land-cruiser-prado/bw759006/id/10023141/,"$32,960","36,078"
2025-03-19 07:11:10,https://www.beforward.jp/toyota/corolla-fielder/bx110228/id/10331058/,"$10,690","12,953"
2025-03-19 07:11:13,https://www.beforward.jp/toyota/probox/bw892545/id/10157960/,"$11,980","14,059"
2025-03-19 07:29:32,https://www.beforward.jp/toyota/land-cruiser-prado/bw759006/id/10023141/,"$32,960","36,078"
2025-03-19 07:29:36,https://www.beforward.jp/toyota/corolla-fielder/bx110228/id/10331058/,"$10,690","12,953"
2025-03-19 07:29:39,https://www.beforward.jp/toyota/probox/bw892545/id/10157960/,"$11,980","14,059"
2025-03-19 07:42:37,https://www.beforward.jp/toyota/land-cruiser-prado/bw759006/id/10023141/,"$32,960","36,078"
2025-03-19 07:42:41,https://www.beforward.jp/toyota/corolla-fielder/bx110228/id/10331058/,"$10,690","12,953"
2025-03-19 07:42:44,https://www.beforward.jp/toyota/probox/bw892545/id/10157960/,"$11,980","14,059"
2025-03-19 08:14:32,https://www.beforward.jp/toyota/land-cruiser-prado/bw759006/id/10023141/,"$32,960","36,078"
2025-03-19 08:14:35,https://www.beforward.jp/toyota/corolla-fielder/bx110228/id/10331058/,"$10,690","12,953"
2025-03-19 08:14:39,https://www.beforward.jp/toyota/probox/bw892545/id/10157960/,"$11,980","14,059"
2025-03-19 08:39:54,https://www.beforward.jp/toyota/land-cruiser-prado/bw759006/id/10023141/,"$32,960","36,078"
2025-03-19 08:39:58,https://www.beforward.jp/toyota/corolla-fielder/bx110228/id/10331058/,"$10,690","12,953"
2025-03-19 08:40:01,https://www.beforward.jp/toyota/probox/bw892545/id/10157960/,"$11,980","14,059"
2025-03-19 08:52:18,https://www.beforward.jp/toyota/land-cruiser-prado/bw759006/id/10023141/,"$32,960","36,078"
2025-03-19 08:52:22,https://www.beforward.jp/toyota/corolla-fielder/bx110228/id/10331058/,"$10,690","12,953"
2025-03-19 08:52:25,https://www.beforward.jp/toyota/probox/bw892545/id/10157960/,"$11,980","14,059"
2025-03-19 09:12:24,https://www.beforward.jp/toyota/land-cruiser-prado/bw759006/id/10023141/,"$32,960","36,078"
2025-03-19 09:12:27,https://www.beforward.jp/toyota/corolla-fielder/bx110228/id/10331058/,"$10,690","12,953"
2025-03-19 09:12:31,https://www.beforward.jp/toyota/probox/bw892545/id/10157960/,"$11,980","14,059"
2025-03-19 09:33:03,https://www.beforward.jp/toyota/land-cruiser-prado/bw759006/id/10023141/,"$32,960","36,078"
2025-03-19 09:33:06,https://www.beforward.jp/toyota/corolla-fielder/bx110228/id/10331058/,"$10,690","12,953"
2025-03-19 09:33:10,https://www.beforward.jp/toyota/probox/bw892545/id/10157960/,"$11,980","14,059"
2025-03-19 09:45:45,https://www.beforward.jp/toyota/land-cruiser-prado/bw759006/id/10023141/,"$32,960","36,078"
2025-03-19 09:45:48,https://www.beforward.jp/toyota/corolla-fielder/bx110228/id/10331058/,"$10,690","12,953"
2025-03-19 09:45:52,https://www.beforward.jp/toyota/probox/bw892545/id/10157960/,"$11,980","14,059"
2025-03-19 10:12:35,https://www.beforward.jp/toyota/land-cruiser-prado/bw759006/id/10023141/,"$32,960","36,078"
2025-03-19 10:12:39,https://www.beforward.jp/toyota/corolla-fielder/bx110228/id/10331058/,"$10,690","12,953"
2025-03-19 10:12:42,https://www.beforward.jp/toyota/probox/bw892545/id/10157960/,"$11,980","14,059"
2025-03-19 10:35:52,https://www.beforward.jp/toyota/land-cruiser-prado/bw759006/id/10023141/,"$32,960","36,078"
2025-03-19 10:35:55,https://www.beforward.jp/toyota/corolla-fielder/bx110228/id/10331058/,"$10,690","12,953"
2025-03-19 10:35:59,https://www.beforward.jp/toyota/probox/bw892545/id/10157960/,"$11,980","14,059"
2025-03-19 10:46:13,https://www.beforward.jp/toyota/land-cruiser-prado/bw759006/id/10023141/,"$32,960","36,078"
2025-03-19 10:46:17,https://www.beforward.jp/toyota/corolla-fielder/bx110228/id/10331058/,"$10,690","12,953"
2025-03-19 10:46:20,https://www.beforward.jp/toyota/probox/bw892545/id/10157960/,"$11,980","14,059"
2025-03-19 11:09:16,https://www.beforward.jp/toyota/land-cruiser-prado/bw759006/id/10023141/,"$32,960","36,078"
2025-03-19 11:09:20,https://www.beforward.jp/toyota/corolla-fielder/bx110228/id/10331058/,"$10,690","12,953"
2025-03-19 11:09:23,https://www.beforward.jp/toyota/probox/bw892545/id/10157960/,"$11,980","14,059"
2025-03-19 11:26:29,https://www.beforward.jp/toyota/land-cruiser-prado/bw759006/id/10023141/,"$32,960","36,078"
2025-03-19 11:26:32,https://www.beforward.jp/toyota/corolla-fielder/bx110228/id/10331058/,"$10,690","12,953"
2025-03-19 11:26:36,https://www.beforward.jp/toyota/probox/bw892545/id/10157960/,"$11,980","14,059"
2025-03-19 11:42:04,https://www.beforward.jp/toyota/land-cruiser-prado/bw759006/id/10023141/,"$32,960","36,078"
2025-03-19 11:42:08,https://www.beforward.jp/toyota/corolla-fielder/bx110228/id/10331058/,"$10,690","12,953"
2025-03-19 11:42:11,https://www.beforward.jp/toyota/probox/bw892545/id/10157960/,"$11,980","14,059"
2025-03-19 12:20:32,https://www.beforward.jp/toyota/land-cruiser-prado/bw759006/id/10023141/,"$32,960","36,078"
2025-03-19 12:20:35,https://www.beforward.jp/toyota/corolla-fielder/bx110228/id/10331058/,"$10,690","12,953"
2025-03-19 12:20:39,https://www.beforward.jp/toyota/probox/bw892545/id/10157960/,"$11,980","14,059"
2025-03-19 13:04:22,https://www.beforward.jp/toyota/land-cruiser-prado/bw759006/id/10023141/,"$32,960","36,078"
2025-03-19 13:04:25,https://www.beforward.jp/toyota/corolla-fielder/bx110228/id/10331058/,"$10,690","12,953"
2025-03-19 13:04:28,https://www.beforward.jp/toyota/probox/bw892545/id/10157960/,"$11,980","14,059"
2025-03-19 13:36:59,https://www.beforward.jp/toyota/land-cruiser-prado/bw759006/id/10023141/,"$32,960","36,078"
2025-03-19 13:37:03,https://www.beforward.jp/toyota/corolla-fielder/bx110228/id/10331058/,"$10,690","12,953"
2025-03-19 13:37:06,https://www.beforward.jp/toyota/probox/bw892545/id/10157960/,"$11,980","14,059"
2025-03-19 13:46:18,https://www.beforward.jp/toyota/land-cruiser-prado/bw759006/id/10023141/,"$32,960","36,078"
2025-03-19 13:46:22,https://www.beforward.jp/toyota/corolla-fielder/bx110228/id/10331058/,"$10,690","12,953"
2025-03-19 13:46:24,https://www.beforward.jp/toyota/probox/bw892545/id/10157960/,"$11,980","14,059"
2025-03-19 14:10:58,https://www.beforward.jp/toyota/land-cruiser-prado/bw759006/id/10023141/,"$32,960","36,078"
2025-03-19 14:11:02,https://www.beforward.jp/toyota/corolla-fielder/bx110228/id/10331058/,"$10,690","12,953"
2025-03-19 14:11:06,https://www.beforward.jp/toyota/probox/bw892545/id/10157960/,"$11,980","14,059"
2025-03-19 14:34:28,https://www.beforward.jp/toyota/land-cruiser-prado/bw759006/id/10023141/,"$32,960","36,078"
2025-03-19 14:34:32,https://www.beforward.jp/toyota/corolla-fielder/bx110228/id/10331058/,"$10,690","12,953"
2025-03-19 14:34:35,https://www.beforward.jp/toyota/probox/bw892545/id/10157960/,"$11,980","14,059"
2025-03-19 14:46:12,https://www.beforward.jp/toyota/land-cruiser-prado/bw759006/id/10023141/,"$32,960","36,078"
2025-03-19 14:46:16,https://www.beforward.jp/toyota/corolla-fielder/bx110228/id/10331058/,"$10,690","12,953"
2025-03-19 14:46:20,https://www.beforward.jp/toyota/probox/bw892545/id/10157960/,"$11,980","14,059"
2025-03-19 15:11:46,https://www.beforward.jp/toyota/land-cruiser-prado/bw759006/id/10023141/,"$32,960","36,078"
2025-03-19 15:11:49,https://www.beforward.jp/toyota/corolla-fielder/bx110228/id/10331058/,"$10,690","12,953"
2025-03-19 15:11:52,https://www.beforward.jp/toyota/probox/bw892545/id/10157960/,"$11,980","14,059"
2025-03-19 15:33:13,https://www.beforward.jp/toyota/land-cruiser-prado/bw759006/id/10023141/,"$32,960","36,078"
2025-03-19 15:33:16,https://www.beforward.jp/toyota/corolla-fielder/bx110228/id/10331058/,"$10,690","12,953"
2025-03-19 15:33:20,https://www.beforward.jp/toyota/probox/bw892545/id/10157960/,"$11,980","14,059"
2025-03-19 15:45:41,https://www.beforward.jp/toyota/land-cruiser-prado/bw759006/id/10023141/,"$32,960","36,078"
2025-03-19 15:45:45,https://www.beforward.jp/toyota/corolla-fielder/bx110228/id/10331058/,"$10,690","12,953"
2025-03-19 15:45:48,https://www.beforward.jp/toyota/probox/bw892545/id/10157960/,"$11,980","14,059"
2025-03-19 16:15:25,https://www.beforward.jp/toyota/land-cruiser-prado/bw759006/id/10023141/,"$32,960","36,078"
2025-03-19 16:15:28,https://www.beforward.jp/toyota/corolla-fielder/bx110228/id/10331058/,"$10,690","12,953"
2025-03-19 16:15:31,https://www.beforward.jp/toyota/probox/bw892545/id/10157960/,"$11,980","14,059"
2025-03-19 16:39:08,https://www.beforward.jp/toyota/land-cruiser-prado/bw759006/id/10023141/,"$32,960","36,078"
2025-03-19 16:39:12,https://www.beforward.jp/toyota/corolla-fielder/bx110228/id/10331058/,"$10,690","12,953"
2025-03-19 16:39:15,https://www.beforward.jp/toyota/probox/bw892545/id/10157960/,"$11,980","14,059"
2025-03-19 16:51:35,https://www.beforward.jp/toyota/land-cruiser-prado/bw759006/id/10023141/,"$32,960","36,078"
2025-03-19 16:51:38,https://www.beforward.jp/toyota/corolla-fielder/bx110228/id/10331058/,"$10,690","12,953"
2025-03-19 16:51:41,https://www.beforward.jp/toyota/probox/bw892545/id/10157960/,"$11,980","14,059"
2025-03-19 17:10:26,https://www.beforward.jp/toyota/land-cruiser-prado/bw759006/id/10023141/,"$32,960","36,078"
2025-03-19 17:10:29,https://www.beforward.jp/toyota/corolla-fielder/bx110228/id/10331058/,"$10,690","12,953"
2025-03-19 17:10:33,https://www.beforward.jp/toyota/probox/bw892545/id/10157960/,"$11,980","14,059"
2025-03-19 17:31:44,https://www.beforward.jp/toyota/land-cruiser-prado/bw759006/id/10023141/,"$32,960","36,078"
2025-03-19 17:31:47,https://www.beforward.jp/toyota/corolla-fielder/bx110228/id/10331058/,"$10,690","12,953"
2025-03-19 17:31:51,https://www.beforward.jp/toyota/probox/bw892545/id/10157960/,"$11,980","14,059"
2025-03-19 17:43:07,https://www.beforward.jp/toyota/land-cruiser-prado/bw759006/id/10023141/,"$32,960","36,078"
2025-03-19 17:43:11,https://www.beforward.jp/toyota/corolla-fielder/bx110228/id/10331058/,"$10,690","12,953"
2025-03-19 17:43:14,https://www.beforward.jp/toyota/probox/bw892545/id/10157960/,"$11,980","14,059"
2025-03-19 18:15:30,https://www.beforward.jp/toyota/land-cruiser-prado/bw759006/id/10023141/,"$32,960","36,078"
2025-03-19 18:15:33,https://www.beforward.jp/toyota/corolla-fielder/bx110228/id/10331058/,"$10,690","12,953"
2025-03-19 18:15:37,https://www.beforward.jp/toyota/probox/bw892545/id/10157960/,"$11,980","14,059"
2025-03-19 18:40:40,https://www.beforward.jp/toyota/land-cruiser-prado/bw759006/id/10023141/,"$32,960","36,078"
2025-03-19 18:40:44,https://www.beforward.jp/toyota/corolla-fielder/bx110228/id/10331058/,"$10,690","12,953"
2025-03-19 18:40:48,https://www.beforward.jp/toyota/probox/bw892545/id/10157960/,"$11,980","14,059"
2025-03-19 19:08:41,https://www.beforward.jp/toyota/land-cruiser-prado/bw759006/id/10023141/,"$32,960","36,078"
2025-03-19 19:08:44,https://www.beforward.jp/toyota/corolla-fielder/bx110228/id/10331058/,"$10,690","12,953"
2025-03-19 19:08:48,https://www.beforward.jp/toyota/probox/bw892545/id/10157960/,"$11,980","14,059"
2025-03-19 19:25:15,https://www.beforward.jp/toyota/land-cruiser-prado/bw759006/id/10023141/,"$32,960","36,078"
2025-03-19 19:25:18,https://www.beforward.jp/toyota/corolla-fielder/bx110228/id/10331058/,"$10,690","12,953"
2025-03-19 19:25:21,https://www.beforward.jp/toyota/probox/bw892545/id/10157960/,"$11,980","14,059"
2025-03-19 19:42:23,https://www.beforward.jp/toyota/land-cruiser-prado/bw759006/id/10023141/,"$32,960","36,078"
2025-03-19 19:42:26,https://www.beforward.jp/toyota/corolla-fielder/bx110228/id/10331058/,"$10,690","12,953"
2025-03-19 19:42:30,https://www.beforward.jp/toyota/probox/bw892545/id/10157960/,"$11,980","14,059"
2025-03-19 20:12:16,https://www.beforward.jp/toyota/land-cruiser-prado/bw759006/id/10023141/,"$32,960","36,078"
2025-03-19 20:12:20,https://www.beforward.jp/toyota/corolla-fielder/bx110228/id/10331058/,"$10,690","12,953"
2025-03-19 20:12:23,https://www.beforward.jp/toyota/probox/bw892545/id/10157960/,"$11,980","14,059"
2025-03-19 20:31:50,https://www.beforward.jp/toyota/land-cruiser-prado/bw759006/id/10023141/,"$32,960","36,078"
2025-03-19 20:31:54,https://www.beforward.jp/toyota/corolla-fielder/bx110228/id/10331058/,"$10,690","12,953"
2025-03-19 20:31:57,https://www.beforward.jp/toyota/probox/bw892545/id/10157960/,"$11,980","14,059"
2025-03-19 20:43:53,https://www.beforward.jp/toyota/land-cruiser-prado/bw759006/id/10023141/,"$32,960","36,078"
2025-03-19 20:43:56,https://www.beforward.jp/toyota/corolla-fielder/bx110228/id/10331058/,"$10,690","12,953"
2025-03-19 20:44:00,https://www.beforward.jp/toyota/probox/bw892545/id/10157960/,"$11,980","14,059"
2025-03-19 21:10:05,https://www.beforward.jp/toyota/land-cruiser-prado/bw759006/id/10023141/,"$32,960","36,078"
2025-03-19 21:10:08,https://www.beforward.jp/toyota/corolla-fielder/bx110228/id/10331058/,"$10,690","12,953"
2025-03-19 21:10:12,https://www.beforward.jp/toyota/probox/bw892545/id/10157960/,"$11,980","14,059"
2025-03-19 21:29:50,https://www.beforward.jp/toyota/land-cruiser-prado/bw759006/id/10023141/,"$32,960","36,078"
2025-03-19 21:29:53,https://www.beforward.jp/toyota/corolla-fielder/bx110228/id/10331058/,"$10,690","12,953"
2025-03-19 21:29:57,https://www.beforward.jp/toyota/probox/bw892545/id/10157960/,"$11,980","14,059"
2025-03-19 21:42:27,https://www.beforward.jp/toyota/land-cruiser-prado/bw759006/id/10023141/,"$32,960","36,078"
2025-03-19 21:42:30,https://www.beforward.jp/toyota/corolla-fielder/bx110228/id/10331058/,"$10,690","12,953"
2025-03-19 21:42:34,https://www.beforward.jp/toyota/probox/bw892545/id/10157960/,"$11,980","14,059"
2025-03-19 22:10:13,https://www.beforward.jp/toyota/land-cruiser-prado/bw759006/id/10023141/,"$32,960","36,078"
2025-03-19 22:10:17,https://www.beforward.jp/toyota/corolla-fielder/bx110228/id/10331058/,"$10,690","12,953"
2025-03-19 22:10:20,https://www.beforward.jp/toyota/probox/bw892545/id/10157960/,"$11,980","14,059"
2025-03-19 22:32:39,https://www.beforward.jp/toyota/land-cruiser-prado/bw759006/id/10023141/,"$32,960","36,078"
2025-03-19 22:32:42,https://www.beforward.jp/toyota/corolla-fielder/bx110228/id/10331058/,"$10,690","12,953"
2025-03-19 22:32:45,https://www.beforward.jp/toyota/probox/bw892545/id/10157960/,"$11,980","14,059"
2025-03-19 22:43:37,https://www.beforward.jp/toyota/land-cruiser-prado/bw759006/id/10023141/,"$32,960","36,078"
2025-03-19 22:43:40,https://www.beforward.jp/toyota/corolla-fielder/bx110228/id/10331058/,"$10,690","12,953"
2025-03-19 22:43:43,https://www.beforward.jp/toyota/probox/bw892545/id/10157960/,"$11,980","14,059"
2025-03-19 23:11:06,https://www.beforward.jp/toyota/land-cruiser-prado/bw759006/id/10023141/,"$32,960","36,078"
2025-03-19 23:11:10,https://www.beforward.jp/toyota/corolla-fielder/bx110228/id/10331058/,"$10,690","12,953"
2025-03-19 23:11:13,https://www.beforward.jp/toyota/probox/bw892545/id/10157960/,"$11,980","14,059"
2025-03-19 23:30:13,https://www.beforward.jp/toyota/land-cruiser-prado/bw759006/id/10023141/,"$32,960","36,078"
2025-03-19 23:30:16,https://www.beforward.jp/toyota/corolla-fielder/bx110228/id/10331058/,"$10,690","12,953"
2025-03-19 23:30:19,https://www.beforward.jp/toyota/probox/bw892545/id/10157960/,"$11,980","14,059"
2025-03-19 23:42:35,https://www.beforward.jp/toyota/land-cruiser-prado/bw759006/id/10023141/,"$33,190","36,308"
2025-03-19 23:42:38,https://www.beforward.jp/toyota/corolla-fielder/bx110228/id/10331058/,"$10,760","13,024"
2025-03-19 23:42:42,https://www.beforward.jp/toyota/probox/bw892545/id/10157960/,"$12,060","14,139"
